-- MySQL dump 10.13  Distrib 5.5.29, for debian-linux-gnu (x86_64)
--
-- Host: localhost    Database: Aptostat
-- ------------------------------------------------------
-- Server version	5.5.29-0ubuntu0.12.04.1

/*!40101 SET @OLD_CHARACTER_SET_CLIENT=@@CHARACTER_SET_CLIENT */;
/*!40101 SET @OLD_CHARACTER_SET_RESULTS=@@CHARACTER_SET_RESULTS */;
/*!40101 SET @OLD_COLLATION_CONNECTION=@@COLLATION_CONNECTION */;
/*!40101 SET NAMES utf8 */;
/*!40103 SET @OLD_TIME_ZONE=@@TIME_ZONE */;
/*!40103 SET TIME_ZONE='+00:00' */;
/*!40014 SET @OLD_UNIQUE_CHECKS=@@UNIQUE_CHECKS, UNIQUE_CHECKS=0 */;
/*!40014 SET @OLD_FOREIGN_KEY_CHECKS=@@FOREIGN_KEY_CHECKS, FOREIGN_KEY_CHECKS=0 */;
/*!40101 SET @OLD_SQL_MODE=@@SQL_MODE, SQL_MODE='NO_AUTO_VALUE_ON_ZERO' */;
/*!40111 SET @OLD_SQL_NOTES=@@SQL_NOTES, SQL_NOTES=0 */;

--
-- Current Database: `Aptostat`
--

CREATE DATABASE /*!32312 IF NOT EXISTS*/ `Aptostat` /*!40100 DEFAULT CHARACTER SET latin1 */;

USE `Aptostat`;

--
-- Table structure for table `Flag`
--

DROP TABLE IF EXISTS `Flag`;
/*!40101 SET @saved_cs_client     = @@character_set_client */;
/*!40101 SET character_set_client = utf8 */;
CREATE TABLE `Flag` (
  `IdFlag` int(11) NOT NULL AUTO_INCREMENT,
  `Name` varchar(20) NOT NULL,
  PRIMARY KEY (`IdFlag`)
) ENGINE=InnoDB AUTO_INCREMENT=7 DEFAULT CHARSET=latin1;
/*!40101 SET character_set_client = @saved_cs_client */;

--
-- Dumping data for table `Flag`
--

LOCK TABLES `Flag` WRITE;
/*!40000 ALTER TABLE `Flag` DISABLE KEYS */;
INSERT INTO `Flag` VALUES (1,'Warning'),(2,'Critical'),(3,'Internal'),(4,'Ignored'),(5,'Responding'),(6,'Resolved');
/*!40000 ALTER TABLE `Flag` ENABLE KEYS */;
UNLOCK TABLES;

--
-- Table structure for table `Groups`
--

DROP TABLE IF EXISTS `Groups`;
/*!40101 SET @saved_cs_client     = @@character_set_client */;
/*!40101 SET character_set_client = utf8 */;
CREATE TABLE `Groups` (
  `IdGroup` int(11) NOT NULL AUTO_INCREMENT,
  `IdReport` int(11) NOT NULL,
  `ProposedFlag` int(11) NOT NULL,
  `Timestamp` datetime NOT NULL,
  PRIMARY KEY (`IdGroup`,`IdReport`),
  KEY `Groups_FI_1` (`IdReport`),
  KEY `Groups_FI_2` (`ProposedFlag`),
  CONSTRAINT `Groups_FK_1` FOREIGN KEY (`IdReport`) REFERENCES `Report` (`IdReport`),
  CONSTRAINT `Groups_FK_2` FOREIGN KEY (`ProposedFlag`) REFERENCES `Flag` (`IdFlag`)
) ENGINE=InnoDB AUTO_INCREMENT=1179 DEFAULT CHARSET=latin1;
/*!40101 SET character_set_client = @saved_cs_client */;

--
-- Dumping data for table `Groups`
--

LOCK TABLES `Groups` WRITE;
/*!40000 ALTER TABLE `Groups` DISABLE KEYS */;
INSERT INTO `Groups` VALUES (37,38,5,'2013-03-10 21:03:02'),(39,40,5,'2013-03-07 09:17:55'),(39,41,5,'2013-03-07 09:17:55'),(39,43,5,'2013-03-07 09:17:55'),(43,44,5,'2013-03-07 09:17:55'),(44,45,5,'2013-03-07 09:17:55'),(44,46,5,'2013-03-07 09:17:55'),(46,47,5,'2013-03-07 09:17:55'),(46,49,5,'2013-03-07 09:17:55'),(46,50,5,'2013-03-07 09:17:55'),(46,51,5,'2013-03-07 09:17:55'),(46,52,5,'2013-03-07 09:17:55'),(46,53,5,'2013-03-07 09:17:55'),(46,54,5,'2013-03-07 09:17:55'),(46,63,5,'2013-03-07 09:17:55'),(46,64,5,'2013-03-07 09:17:55'),(46,65,5,'2013-03-06 23:46:03'),(46,66,5,'2013-03-07 09:17:55'),(46,67,5,'2013-03-07 09:17:55'),(46,68,5,'2013-03-07 09:17:55'),(46,100,5,'2013-03-07 09:17:55'),(46,101,5,'2013-03-07 09:17:55'),(46,102,5,'2013-03-07 09:17:55'),(46,103,5,'2013-03-07 09:17:55'),(46,104,5,'2013-03-07 09:17:55'),(46,156,5,'2013-03-07 09:17:55'),(46,157,5,'2013-03-07 09:17:55'),(46,158,5,'2013-03-07 09:17:55'),(46,159,5,'2013-03-06 23:46:03'),(46,160,5,'2013-03-07 09:17:55'),(46,215,5,'2013-03-07 09:17:55'),(46,216,5,'2013-03-07 09:17:55'),(46,217,5,'2013-03-07 09:17:55'),(46,218,5,'2013-03-07 09:17:55'),(46,268,5,'2013-03-07 09:17:56'),(46,269,5,'2013-03-07 09:17:56'),(46,270,5,'2013-03-07 09:17:56'),(46,271,5,'2013-03-07 09:17:56'),(46,272,5,'2013-03-07 09:17:56'),(46,323,5,'2013-03-07 09:17:56'),(46,324,5,'2013-03-07 09:17:56'),(46,325,5,'2013-03-07 09:17:56'),(46,326,5,'2013-03-07 09:17:56'),(46,327,5,'2013-03-07 09:17:56'),(46,378,5,'2013-03-07 09:17:56'),(46,379,5,'2013-03-07 09:17:56'),(46,380,5,'2013-03-07 09:17:56'),(46,381,5,'2013-03-07 09:17:56'),(46,382,5,'2013-03-07 09:17:56'),(46,429,5,'2013-03-07 09:17:56'),(46,430,5,'2013-03-07 09:17:56'),(46,431,5,'2013-03-07 09:17:56'),(46,432,5,'2013-03-06 23:46:03'),(46,433,5,'2013-03-07 09:17:56'),(46,475,5,'2013-03-07 09:17:57'),(46,476,5,'2013-03-07 09:17:57'),(46,477,5,'2013-03-07 09:17:57'),(46,478,5,'2013-03-07 09:17:57'),(46,514,5,'2013-03-07 09:17:57'),(46,515,5,'2013-03-07 09:17:57'),(46,516,5,'2013-03-07 09:17:57'),(46,517,5,'2013-03-07 09:17:57'),(46,518,5,'2013-03-07 09:17:57'),(46,544,5,'2013-03-07 09:17:57'),(46,545,5,'2013-03-07 09:17:57'),(46,546,5,'2013-03-07 09:17:57'),(46,547,5,'2013-03-07 09:17:57'),(46,548,5,'2013-03-07 09:17:57'),(46,573,5,'2013-03-07 09:17:57'),(46,574,5,'2013-03-07 09:17:57'),(46,575,5,'2013-03-07 09:17:57'),(46,576,5,'2013-03-07 09:17:57'),(46,577,5,'2013-03-07 09:17:57'),(46,598,5,'2013-03-07 09:17:57'),(46,599,5,'2013-03-07 09:17:57'),(46,600,5,'2013-03-07 09:17:57'),(46,601,5,'2013-03-07 09:17:57'),(46,602,5,'2013-03-07 09:17:57'),(46,622,5,'2013-03-07 09:17:57'),(46,623,5,'2013-03-07 09:17:57'),(46,624,5,'2013-03-07 09:17:57'),(46,625,5,'2013-03-07 09:17:57'),(46,626,5,'2013-03-07 09:17:57'),(46,643,5,'2013-03-07 09:17:57'),(46,644,5,'2013-03-07 09:17:57'),(46,645,5,'2013-03-07 09:17:57'),(47,48,5,'2013-03-06 23:32:03'),(54,55,5,'2013-03-07 09:17:55'),(54,56,5,'2013-03-07 09:17:55'),(54,69,5,'2013-03-07 09:17:55'),(54,70,5,'2013-03-07 09:17:55'),(54,71,5,'2013-03-07 09:17:55'),(54,72,5,'2013-03-07 09:17:55'),(54,73,5,'2013-03-07 09:17:55'),(54,74,5,'2013-03-07 09:17:55'),(54,108,5,'2013-03-07 09:17:55'),(54,109,5,'2013-03-07 09:17:55'),(54,110,5,'2013-03-07 09:17:55'),(54,111,5,'2013-03-07 09:17:55'),(54,112,5,'2013-03-07 09:17:55'),(54,113,5,'2013-03-07 09:17:55'),(54,168,5,'2013-03-07 09:17:55'),(54,169,5,'2013-03-07 09:17:55'),(54,170,5,'2013-03-07 09:17:55'),(54,171,5,'2013-03-07 09:17:55'),(54,172,5,'2013-03-07 09:17:55'),(54,173,5,'2013-03-07 09:17:55'),(54,226,5,'2013-03-07 09:17:55'),(54,227,5,'2013-03-07 09:17:55'),(54,228,5,'2013-03-07 09:17:55'),(54,229,5,'2013-03-07 09:17:55'),(54,230,5,'2013-03-07 09:17:55'),(54,231,5,'2013-03-07 09:17:55'),(54,277,5,'2013-03-07 09:17:56'),(54,278,5,'2013-03-07 09:17:56'),(54,279,5,'2013-03-07 09:17:56'),(54,280,5,'2013-03-07 09:17:56'),(54,281,5,'2013-03-07 09:17:56'),(54,282,5,'2013-03-07 09:17:56'),(54,332,5,'2013-03-07 09:17:56'),(54,333,5,'2013-03-07 09:17:56'),(54,334,5,'2013-03-07 09:17:56'),(54,335,5,'2013-03-07 09:17:56'),(54,336,5,'2013-03-07 09:17:56'),(54,337,5,'2013-03-07 09:17:56'),(54,387,5,'2013-03-07 09:17:56'),(54,388,5,'2013-03-07 09:17:56'),(54,389,5,'2013-03-07 09:17:56'),(54,390,5,'2013-03-07 09:17:56'),(54,391,5,'2013-03-07 09:17:56'),(54,392,5,'2013-03-07 09:17:56'),(54,438,5,'2013-03-07 09:17:56'),(54,439,5,'2013-03-07 09:17:56'),(54,440,5,'2013-03-07 09:17:56'),(54,441,5,'2013-03-07 09:17:56'),(54,442,5,'2013-03-07 09:17:56'),(54,443,5,'2013-03-07 09:17:56'),(56,57,5,'2013-03-06 23:42:02'),(56,76,5,'2013-03-07 09:17:55'),(56,77,5,'2013-03-07 09:17:55'),(56,78,5,'2013-03-07 09:17:55'),(56,79,5,'2013-03-07 09:17:55'),(56,80,5,'2013-03-07 09:17:55'),(56,81,5,'2013-03-07 09:17:55'),(56,82,5,'2013-03-06 23:42:02'),(56,126,5,'2013-03-07 09:17:55'),(56,127,5,'2013-03-07 09:17:55'),(56,128,5,'2013-03-07 09:17:55'),(56,129,5,'2013-03-07 09:17:55'),(56,130,5,'2013-03-06 23:42:02'),(56,131,5,'2013-03-07 09:17:55'),(56,186,5,'2013-03-07 09:17:55'),(56,187,5,'2013-03-07 09:17:55'),(56,188,5,'2013-03-07 09:17:55'),(56,189,5,'2013-03-07 09:17:55'),(56,190,5,'2013-03-07 09:17:55'),(56,241,5,'2013-03-07 09:17:55'),(56,242,5,'2013-03-07 09:17:55'),(56,243,5,'2013-03-07 09:17:55'),(56,244,5,'2013-03-07 09:17:55'),(56,245,5,'2013-03-07 09:17:55'),(56,292,5,'2013-03-07 09:17:56'),(56,293,5,'2013-03-07 09:17:56'),(56,294,5,'2013-03-07 09:17:56'),(56,295,5,'2013-03-07 09:17:56'),(56,296,5,'2013-03-07 09:17:56'),(56,347,5,'2013-03-07 09:17:56'),(56,348,5,'2013-03-07 09:17:56'),(56,349,5,'2013-03-07 09:17:56'),(56,350,5,'2013-03-07 09:17:56'),(56,351,5,'2013-03-07 09:17:56'),(56,402,5,'2013-03-07 09:17:56'),(56,403,5,'2013-03-07 09:17:56'),(56,404,5,'2013-03-07 09:17:56'),(56,405,5,'2013-03-07 09:17:56'),(56,406,5,'2013-03-07 09:17:56'),(56,453,5,'2013-03-07 09:17:56'),(56,454,5,'2013-03-07 09:17:56'),(56,455,5,'2013-03-07 09:17:56'),(56,456,5,'2013-03-07 09:17:56'),(56,457,5,'2013-03-07 09:17:56'),(56,492,5,'2013-03-07 09:17:57'),(56,493,5,'2013-03-07 09:17:57'),(56,494,5,'2013-03-07 09:17:57'),(56,495,5,'2013-03-07 09:17:57'),(56,496,5,'2013-03-07 09:17:57'),(56,529,5,'2013-03-07 09:17:57'),(56,530,5,'2013-03-07 09:17:57'),(56,531,5,'2013-03-07 09:17:57'),(56,532,5,'2013-03-07 09:17:57'),(56,533,5,'2013-03-07 09:17:57'),(56,559,5,'2013-03-07 09:17:57'),(56,560,5,'2013-03-07 09:17:57'),(56,561,5,'2013-03-07 09:17:57'),(56,562,5,'2013-03-07 09:17:57'),(57,58,5,'2013-03-07 09:17:55'),(57,83,5,'2013-03-06 23:45:02'),(57,84,5,'2013-03-06 23:45:02'),(57,86,5,'2013-03-07 09:17:55'),(57,87,5,'2013-03-07 09:17:55'),(57,88,5,'2013-03-07 09:17:55'),(57,89,5,'2013-03-07 09:17:55'),(57,90,5,'2013-03-07 09:17:55'),(57,91,5,'2013-03-07 09:17:55'),(57,92,5,'2013-03-07 09:17:55'),(57,133,5,'2013-03-06 23:45:02'),(57,135,5,'2013-03-07 09:17:55'),(57,136,5,'2013-03-06 23:45:02'),(57,137,5,'2013-03-07 09:17:55'),(57,138,5,'2013-03-07 09:17:55'),(57,139,5,'2013-03-06 23:45:02'),(57,140,5,'2013-03-07 09:17:55'),(57,141,5,'2013-03-06 23:45:02'),(57,192,5,'2013-03-07 09:17:55'),(57,193,5,'2013-03-07 09:17:55'),(57,194,5,'2013-03-07 09:17:55'),(57,195,5,'2013-03-07 09:17:55'),(57,248,5,'2013-03-07 09:17:55'),(57,249,5,'2013-03-07 09:17:55'),(57,250,5,'2013-03-07 09:17:55'),(57,251,5,'2013-03-07 09:17:55'),(57,303,5,'2013-03-07 09:17:56'),(57,304,5,'2013-03-07 09:17:56'),(57,305,5,'2013-03-07 09:17:56'),(57,306,5,'2013-03-07 09:17:56'),(57,358,5,'2013-03-07 09:17:56'),(57,359,5,'2013-03-07 09:17:56'),(57,360,5,'2013-03-07 09:17:56'),(57,361,5,'2013-03-07 09:17:56'),(57,413,5,'2013-03-07 09:17:56'),(57,414,5,'2013-03-07 09:17:56'),(57,415,5,'2013-03-07 09:17:56'),(57,416,5,'2013-03-07 09:17:56'),(57,464,5,'2013-03-07 09:17:56'),(57,465,5,'2013-03-07 09:17:56'),(57,466,5,'2013-03-07 09:17:56'),(57,467,5,'2013-03-07 09:17:56'),(57,503,5,'2013-03-07 09:17:57'),(57,504,5,'2013-03-07 09:17:57'),(57,505,5,'2013-03-07 09:17:57'),(57,506,5,'2013-03-07 09:17:57'),(57,540,5,'2013-03-07 09:17:57'),(57,541,5,'2013-03-07 09:17:57'),(57,542,5,'2013-03-07 09:17:57'),(57,543,5,'2013-03-07 09:17:57'),(57,569,5,'2013-03-07 09:17:57'),(57,570,5,'2013-03-07 09:17:57'),(57,571,5,'2013-03-07 09:17:57'),(57,572,5,'2013-03-07 09:17:57'),(57,594,5,'2013-03-07 09:17:57'),(57,595,5,'2013-03-07 09:17:57'),(57,596,5,'2013-03-07 09:17:57'),(57,597,5,'2013-03-07 09:17:57'),(57,619,5,'2013-03-07 09:17:57'),(57,620,5,'2013-03-07 09:17:57'),(57,621,5,'2013-03-07 09:17:57'),(58,59,5,'2013-03-07 09:17:55'),(58,60,5,'2013-03-07 09:17:55'),(58,61,5,'2013-03-07 09:17:55'),(58,62,5,'2013-03-07 09:17:55'),(58,85,5,'2013-03-06 23:41:03'),(58,93,5,'2013-03-07 09:17:55'),(58,94,5,'2013-03-07 09:17:55'),(58,95,5,'2013-03-07 09:17:55'),(58,96,5,'2013-03-07 09:17:55'),(58,97,5,'2013-03-07 09:17:55'),(58,98,5,'2013-03-07 09:17:55'),(58,99,5,'2013-03-07 09:17:55'),(58,142,5,'2013-03-07 09:17:55'),(58,143,5,'2013-03-07 09:17:55'),(58,144,5,'2013-03-07 09:17:55'),(58,145,5,'2013-03-07 09:17:55'),(58,146,5,'2013-03-07 09:17:55'),(58,147,5,'2013-03-07 09:17:55'),(58,148,5,'2013-03-07 09:17:55'),(58,196,5,'2013-03-07 09:17:55'),(58,197,5,'2013-03-07 09:17:55'),(58,198,5,'2013-03-07 09:17:55'),(58,199,5,'2013-03-07 09:17:55'),(58,200,5,'2013-03-07 09:17:55'),(58,201,5,'2013-03-07 09:17:55'),(58,202,5,'2013-03-07 09:17:55'),(58,252,5,'2013-03-07 09:17:55'),(58,253,5,'2013-03-07 09:17:56'),(58,254,5,'2013-03-07 09:17:56'),(58,255,5,'2013-03-07 09:17:56'),(58,256,5,'2013-03-07 09:17:56'),(58,257,5,'2013-03-07 09:17:56'),(58,258,5,'2013-03-07 09:17:56'),(58,307,5,'2013-03-07 09:17:56'),(58,308,5,'2013-03-07 09:17:56'),(58,309,5,'2013-03-07 09:17:56'),(58,310,5,'2013-03-07 09:17:56'),(58,311,5,'2013-03-07 09:17:56'),(58,312,5,'2013-03-07 09:17:56'),(58,313,5,'2013-03-07 09:17:56'),(58,362,5,'2013-03-07 09:17:56'),(58,363,5,'2013-03-07 09:17:56'),(58,364,5,'2013-03-07 09:17:56'),(58,365,5,'2013-03-07 09:17:56'),(58,366,5,'2013-03-07 09:17:56'),(58,367,5,'2013-03-07 09:17:56'),(58,368,5,'2013-03-07 09:17:56'),(58,417,5,'2013-03-07 09:17:56'),(58,418,5,'2013-03-07 09:17:56'),(58,419,5,'2013-03-07 09:17:56'),(58,420,5,'2013-03-07 09:17:56'),(58,421,5,'2013-03-07 09:17:56'),(58,422,5,'2013-03-07 09:17:56'),(58,423,5,'2013-03-07 09:17:56'),(58,468,5,'2013-03-07 09:17:56'),(58,469,5,'2013-03-07 09:17:56'),(58,470,5,'2013-03-07 09:17:56'),(58,471,5,'2013-03-07 09:17:56'),(58,472,5,'2013-03-07 09:17:56'),(58,473,5,'2013-03-07 09:17:56'),(58,474,5,'2013-03-07 09:17:56'),(58,507,5,'2013-03-07 09:17:57'),(58,508,5,'2013-03-07 09:17:57'),(58,509,5,'2013-03-07 09:17:57'),(58,510,5,'2013-03-07 09:17:57'),(58,511,5,'2013-03-07 09:17:57'),(58,512,5,'2013-03-07 09:17:57'),(58,513,5,'2013-03-07 09:17:57'),(74,75,5,'2013-03-07 09:17:55'),(74,114,5,'2013-03-07 09:17:55'),(74,115,5,'2013-03-07 09:17:55'),(74,116,5,'2013-03-07 09:17:55'),(74,117,5,'2013-03-07 09:17:55'),(74,118,5,'2013-03-07 09:17:55'),(74,119,5,'2013-03-07 09:17:55'),(74,174,5,'2013-03-07 09:17:55'),(74,175,5,'2013-03-07 09:17:55'),(74,176,5,'2013-03-07 09:17:55'),(74,177,5,'2013-03-07 09:17:55'),(74,178,5,'2013-03-07 09:17:55'),(74,179,5,'2013-03-07 09:17:55'),(74,232,5,'2013-03-07 09:17:55'),(74,233,5,'2013-03-07 09:17:55'),(74,234,5,'2013-03-07 09:17:55'),(74,235,5,'2013-03-07 09:17:55'),(74,236,5,'2013-03-07 09:17:55'),(74,237,5,'2013-03-07 09:17:55'),(74,283,5,'2013-03-07 09:17:56'),(74,284,5,'2013-03-07 09:17:56'),(74,285,5,'2013-03-07 09:17:56'),(74,286,5,'2013-03-07 09:17:56'),(74,287,5,'2013-03-07 09:17:56'),(74,288,5,'2013-03-07 09:17:56'),(74,338,5,'2013-03-07 09:17:56'),(74,339,5,'2013-03-07 09:17:56'),(74,340,5,'2013-03-07 09:17:56'),(74,341,5,'2013-03-07 09:17:56'),(74,342,5,'2013-03-07 09:17:56'),(74,343,5,'2013-03-07 09:17:56'),(74,393,5,'2013-03-07 09:17:56'),(74,394,5,'2013-03-07 09:17:56'),(74,395,5,'2013-03-07 09:17:56'),(74,396,5,'2013-03-07 09:17:56'),(74,397,5,'2013-03-07 09:17:56'),(74,398,5,'2013-03-07 09:17:56'),(74,444,5,'2013-03-07 09:17:56'),(74,445,5,'2013-03-07 09:17:56'),(74,446,5,'2013-03-07 09:17:56'),(74,447,5,'2013-03-07 09:17:56'),(74,448,5,'2013-03-07 09:17:56'),(74,449,5,'2013-03-07 09:17:56'),(74,483,5,'2013-03-07 09:17:57'),(74,484,5,'2013-03-07 09:17:57'),(74,485,5,'2013-03-07 09:17:57'),(74,486,5,'2013-03-07 09:17:57'),(74,487,5,'2013-03-07 09:17:57'),(74,488,5,'2013-03-07 09:17:57'),(74,523,5,'2013-03-07 09:17:57'),(74,524,5,'2013-03-07 09:17:57'),(74,525,5,'2013-03-07 09:17:57'),(74,526,5,'2013-03-07 09:17:57'),(74,527,5,'2013-03-07 09:17:57'),(74,528,5,'2013-03-07 09:17:57'),(74,553,5,'2013-03-07 09:17:57'),(74,554,5,'2013-03-07 09:17:57'),(74,555,5,'2013-03-07 09:17:57'),(74,556,5,'2013-03-07 09:17:57'),(74,557,5,'2013-03-07 09:17:57'),(74,558,5,'2013-03-07 09:17:57'),(74,582,5,'2013-03-07 09:17:57'),(74,583,5,'2013-03-07 09:17:57'),(74,584,5,'2013-03-07 09:17:57'),(74,585,5,'2013-03-07 09:17:57'),(74,586,5,'2013-03-07 09:17:57'),(74,587,5,'2013-03-07 09:17:57'),(74,607,5,'2013-03-07 09:17:57'),(74,608,5,'2013-03-07 09:17:57'),(74,609,5,'2013-03-07 09:17:57'),(74,610,5,'2013-03-07 09:17:57'),(74,611,5,'2013-03-07 09:17:57'),(74,612,5,'2013-03-07 09:17:57'),(74,631,5,'2013-03-07 09:17:57'),(74,632,5,'2013-03-07 09:17:57'),(74,633,5,'2013-03-07 09:17:57'),(74,634,5,'2013-03-07 09:17:57'),(74,635,5,'2013-03-07 09:17:57'),(74,636,5,'2013-03-07 09:17:57'),(104,105,5,'2013-03-07 09:17:55'),(104,106,5,'2013-03-07 09:17:55'),(104,107,5,'2013-03-07 09:17:55'),(104,134,5,'2013-03-06 23:46:03'),(104,161,5,'2013-03-07 09:17:55'),(104,162,5,'2013-03-07 09:17:55'),(104,163,5,'2013-03-07 09:17:55'),(104,164,5,'2013-03-07 09:17:55'),(104,165,5,'2013-03-07 09:17:55'),(104,166,5,'2013-03-07 09:17:55'),(104,167,5,'2013-03-07 09:17:55'),(104,219,5,'2013-03-06 23:46:03'),(104,220,5,'2013-03-07 09:17:55'),(104,221,5,'2013-03-07 09:17:55'),(104,222,5,'2013-03-07 09:17:55'),(104,223,5,'2013-03-06 23:46:03'),(104,224,5,'2013-03-06 23:45:02'),(104,225,5,'2013-03-07 09:17:55'),(104,273,5,'2013-03-07 09:17:56'),(104,274,5,'2013-03-07 09:17:56'),(104,275,5,'2013-03-07 09:17:56'),(104,276,5,'2013-03-07 09:17:56'),(104,328,5,'2013-03-07 09:17:56'),(104,329,5,'2013-03-07 09:17:56'),(104,330,5,'2013-03-07 09:17:56'),(104,331,5,'2013-03-07 09:17:56'),(104,383,5,'2013-03-07 09:17:56'),(104,384,5,'2013-03-07 09:17:56'),(104,385,5,'2013-03-07 09:17:56'),(104,386,5,'2013-03-07 09:17:56'),(104,434,5,'2013-03-07 09:17:56'),(104,435,5,'2013-03-07 09:17:56'),(104,436,5,'2013-03-07 09:17:56'),(104,437,5,'2013-03-07 09:17:56'),(104,479,5,'2013-03-07 09:17:57'),(104,480,5,'2013-03-07 09:17:57'),(104,481,5,'2013-03-07 09:17:57'),(104,482,5,'2013-03-07 09:17:57'),(104,519,5,'2013-03-07 09:17:57'),(104,520,5,'2013-03-07 09:17:57'),(104,521,5,'2013-03-07 09:17:57'),(104,522,5,'2013-03-07 09:17:57'),(104,549,5,'2013-03-07 09:17:57'),(104,550,5,'2013-03-07 09:17:57'),(104,551,5,'2013-03-07 09:17:57'),(104,552,5,'2013-03-07 09:17:57'),(104,578,5,'2013-03-07 09:17:57'),(104,579,5,'2013-03-07 09:17:57'),(104,580,5,'2013-03-07 09:17:57'),(104,581,5,'2013-03-07 09:17:57'),(104,603,5,'2013-03-07 09:17:57'),(104,604,5,'2013-03-07 09:17:57'),(104,605,5,'2013-03-07 09:17:57'),(104,606,5,'2013-03-07 09:17:57'),(104,627,5,'2013-03-07 09:17:57'),(104,628,5,'2013-03-07 09:17:57'),(104,629,5,'2013-03-07 09:17:57'),(104,630,5,'2013-03-07 09:17:57'),(104,646,5,'2013-03-07 09:17:57'),(104,647,5,'2013-03-07 09:17:57'),(104,648,5,'2013-03-07 09:17:57'),(119,120,5,'2013-03-07 09:17:55'),(119,121,5,'2013-03-07 09:17:55'),(119,122,5,'2013-03-07 09:17:55'),(119,123,5,'2013-03-07 09:17:55'),(119,124,5,'2013-03-07 09:17:55'),(119,125,5,'2013-03-07 09:17:55'),(119,180,5,'2013-03-07 09:17:55'),(119,181,5,'2013-03-06 23:40:02'),(119,182,5,'2013-03-07 09:17:55'),(119,183,5,'2013-03-06 23:40:02'),(119,184,5,'2013-03-06 23:40:02'),(119,185,5,'2013-03-07 09:17:55'),(119,238,5,'2013-03-07 09:17:55'),(119,239,5,'2013-03-07 09:17:55'),(119,240,5,'2013-03-07 09:17:55'),(119,289,5,'2013-03-07 09:17:56'),(119,290,5,'2013-03-07 09:17:56'),(119,291,5,'2013-03-07 09:17:56'),(119,344,5,'2013-03-07 09:17:56'),(119,345,5,'2013-03-07 09:17:56'),(119,346,5,'2013-03-07 09:17:56'),(119,399,5,'2013-03-07 09:17:56'),(119,400,5,'2013-03-07 09:17:56'),(119,401,5,'2013-03-07 09:17:56'),(119,450,5,'2013-03-07 09:17:56'),(119,451,5,'2013-03-07 09:17:56'),(119,452,5,'2013-03-07 09:17:56'),(119,489,5,'2013-03-07 09:17:57'),(119,490,5,'2013-03-07 09:17:57'),(119,491,5,'2013-03-07 09:17:57'),(131,132,5,'2013-03-06 23:40:02'),(131,154,5,'2013-03-07 09:17:55'),(131,155,5,'2013-03-07 09:17:55'),(131,191,5,'2013-03-06 23:40:02'),(131,209,5,'2013-03-07 09:17:55'),(131,210,5,'2013-03-07 09:17:55'),(131,211,5,'2013-03-07 09:17:55'),(131,212,5,'2013-03-07 09:17:55'),(131,213,5,'2013-03-06 23:39:02'),(131,214,5,'2013-03-07 09:17:55'),(131,263,5,'2013-03-07 09:17:56'),(131,264,5,'2013-03-07 09:17:56'),(131,265,5,'2013-03-07 09:17:56'),(131,266,5,'2013-03-07 09:17:56'),(131,267,5,'2013-03-07 09:17:56'),(131,318,5,'2013-03-07 09:17:56'),(131,319,5,'2013-03-07 09:17:56'),(131,320,5,'2013-03-07 09:17:56'),(131,321,5,'2013-03-07 09:17:56'),(131,322,5,'2013-03-07 09:17:56'),(131,373,5,'2013-03-07 09:17:56'),(131,374,5,'2013-03-07 09:17:56'),(131,375,5,'2013-03-07 09:17:56'),(131,376,5,'2013-03-07 09:17:56'),(131,377,5,'2013-03-07 09:17:56'),(131,424,5,'2013-03-07 09:17:56'),(131,425,5,'2013-03-07 09:17:56'),(131,426,5,'2013-03-07 09:17:56'),(131,427,5,'2013-03-07 09:17:56'),(131,428,5,'2013-03-07 09:17:56'),(148,149,5,'2013-03-07 09:17:55'),(148,150,5,'2013-03-07 09:17:55'),(148,151,5,'2013-03-07 09:17:55'),(148,152,5,'2013-03-07 09:17:55'),(148,153,5,'2013-03-07 09:17:55'),(148,203,5,'2013-03-07 09:17:55'),(148,204,5,'2013-03-07 09:17:55'),(148,205,5,'2013-03-06 23:38:03'),(148,206,5,'2013-03-07 09:17:55'),(148,207,5,'2013-03-06 23:38:03'),(148,208,5,'2013-03-07 09:17:55'),(148,259,5,'2013-03-07 09:17:56'),(148,260,5,'2013-03-07 09:17:56'),(148,261,5,'2013-03-07 09:17:56'),(148,262,5,'2013-03-07 09:17:56'),(148,314,5,'2013-03-07 09:17:56'),(148,315,5,'2013-03-07 09:17:56'),(148,316,5,'2013-03-07 09:17:56'),(148,317,5,'2013-03-07 09:17:56'),(148,369,5,'2013-03-07 09:17:56'),(148,370,5,'2013-03-07 09:17:56'),(148,371,5,'2013-03-07 09:17:56'),(148,372,5,'2013-03-07 09:17:56'),(245,246,5,'2013-03-07 09:17:55'),(245,247,5,'2013-03-07 09:17:55'),(245,297,5,'2013-03-07 09:17:56'),(245,298,5,'2013-03-07 09:17:56'),(245,299,5,'2013-03-07 09:17:56'),(245,300,5,'2013-03-07 09:17:56'),(245,301,5,'2013-03-07 09:17:56'),(245,302,5,'2013-03-07 09:17:56'),(245,352,5,'2013-03-07 09:17:56'),(245,353,5,'2013-03-07 09:17:56'),(245,354,5,'2013-03-07 09:17:56'),(245,355,5,'2013-03-07 09:17:56'),(245,356,5,'2013-03-07 09:17:56'),(245,357,5,'2013-03-07 09:17:56'),(245,407,5,'2013-03-07 09:17:56'),(245,408,5,'2013-03-07 09:17:56'),(245,409,5,'2013-03-07 09:17:56'),(245,410,5,'2013-03-07 09:17:56'),(245,411,5,'2013-03-07 09:17:56'),(245,412,5,'2013-03-07 09:17:56'),(245,458,5,'2013-03-07 09:17:56'),(245,459,5,'2013-03-07 09:17:56'),(245,460,5,'2013-03-07 09:17:56'),(245,461,5,'2013-03-07 09:17:56'),(245,462,5,'2013-03-07 09:17:56'),(245,463,5,'2013-03-07 09:17:56'),(245,497,5,'2013-03-07 09:17:57'),(245,498,5,'2013-03-07 09:17:57'),(245,499,5,'2013-03-07 09:17:57'),(245,500,5,'2013-03-07 09:17:57'),(245,501,5,'2013-03-07 09:17:57'),(245,502,5,'2013-03-07 09:17:57'),(245,534,5,'2013-03-07 09:17:57'),(245,535,5,'2013-03-07 09:17:57'),(245,536,5,'2013-03-07 09:17:57'),(245,537,5,'2013-03-07 09:17:57'),(245,538,5,'2013-03-07 09:17:57'),(245,539,5,'2013-03-07 09:17:57'),(245,563,5,'2013-03-07 09:17:57'),(245,564,5,'2013-03-07 09:17:57'),(245,565,5,'2013-03-07 09:17:57'),(245,566,5,'2013-03-07 09:17:57'),(245,567,5,'2013-03-07 09:17:57'),(245,568,5,'2013-03-07 09:17:57'),(245,588,5,'2013-03-07 09:17:57'),(245,589,5,'2013-03-07 09:17:57'),(245,590,5,'2013-03-07 09:17:57'),(245,591,5,'2013-03-07 09:17:57'),(245,592,5,'2013-03-07 09:17:57'),(245,593,5,'2013-03-07 09:17:57'),(245,613,5,'2013-03-07 09:17:57'),(245,614,5,'2013-03-07 09:17:57'),(245,615,5,'2013-03-07 09:17:57'),(245,616,5,'2013-03-07 09:17:57'),(245,617,5,'2013-03-07 09:17:57'),(245,618,5,'2013-03-07 09:17:57'),(245,637,5,'2013-03-07 09:17:57'),(245,638,5,'2013-03-07 09:17:57'),(245,639,5,'2013-03-07 09:17:57'),(245,640,5,'2013-03-07 09:17:57'),(245,641,5,'2013-03-07 09:17:57'),(245,642,5,'2013-03-07 09:17:57'),(245,649,5,'2013-03-07 09:17:57'),(245,650,5,'2013-03-07 09:17:57'),(245,651,5,'2013-03-07 09:17:57'),(651,652,5,'2013-03-07 03:00:03'),(652,653,5,'2013-03-07 03:01:02'),(653,654,5,'2013-03-07 03:22:02'),(654,655,5,'2013-03-07 09:34:02'),(656,657,5,'2013-03-10 21:03:02'),(656,658,5,'2013-03-12 09:20:32'),(656,700,5,'2013-03-12 09:20:32'),(656,1157,5,'2013-03-12 09:20:32'),(658,659,5,'2013-03-12 09:20:32'),(658,688,5,'2013-03-12 09:20:32'),(658,780,5,'2013-03-12 09:20:32'),(659,660,5,'2013-03-12 09:20:32'),(659,679,5,'2013-03-08 13:59:02'),(659,683,5,'2013-03-12 09:20:32'),(659,684,5,'2013-03-08 14:06:02'),(660,661,5,'2013-03-12 09:20:32'),(660,687,5,'2013-03-12 09:20:32'),(660,785,5,'2013-03-12 09:20:32'),(661,662,5,'2013-03-10 21:03:02'),(661,701,5,'2013-03-12 09:20:32'),(662,663,5,'2013-03-12 09:20:32'),(662,664,5,'2013-03-12 09:20:32'),(662,666,5,'2013-03-12 09:20:32'),(662,680,5,'2013-03-12 09:20:32'),(662,681,5,'2013-03-12 09:20:32'),(662,781,5,'2013-03-12 09:20:32'),(662,788,5,'2013-03-12 09:20:32'),(662,791,5,'2013-03-12 09:20:32'),(664,665,5,'2013-03-07 18:41:02'),(666,667,5,'2013-03-12 09:20:32'),(666,668,5,'2013-03-12 09:20:32'),(666,669,5,'2013-03-12 09:20:32'),(666,670,5,'2013-03-08 13:24:02'),(666,671,5,'2013-03-12 09:20:32'),(666,672,5,'2013-03-08 13:24:02'),(666,673,5,'2013-03-12 09:20:32'),(666,674,5,'2013-03-08 13:24:02'),(666,675,5,'2013-03-08 13:24:02'),(666,676,5,'2013-03-12 09:20:32'),(666,677,5,'2013-03-08 13:24:02'),(666,678,5,'2013-03-08 13:24:02'),(666,793,5,'2013-03-12 09:20:32'),(666,794,5,'2013-03-12 09:20:32'),(666,795,5,'2013-03-12 09:20:32'),(666,796,5,'2013-03-12 09:20:32'),(666,797,5,'2013-03-12 09:20:32'),(666,798,5,'2013-03-12 09:20:32'),(666,799,5,'2013-03-11 19:46:02'),(666,800,5,'2013-03-11 19:46:02'),(666,801,5,'2013-03-12 09:20:32'),(666,802,5,'2013-03-11 19:46:02'),(666,803,5,'2013-03-12 09:20:32'),(666,804,5,'2013-03-12 09:20:32'),(666,805,5,'2013-03-12 09:20:32'),(666,806,5,'2013-03-12 09:20:32'),(666,807,5,'2013-03-11 19:45:03'),(666,808,5,'2013-03-12 09:20:32'),(666,809,5,'2013-03-12 09:20:32'),(666,810,5,'2013-03-12 09:20:32'),(666,811,5,'2013-03-12 09:20:32'),(666,812,5,'2013-03-12 09:20:32'),(666,813,5,'2013-03-12 09:20:32'),(666,814,5,'2013-03-12 09:20:32'),(666,815,5,'2013-03-12 09:20:32'),(666,816,5,'2013-03-12 09:20:32'),(666,817,5,'2013-03-12 09:20:32'),(666,818,5,'2013-03-12 09:20:32'),(666,819,5,'2013-03-12 09:20:32'),(666,820,5,'2013-03-12 09:20:32'),(666,821,5,'2013-03-12 09:20:32'),(666,822,5,'2013-03-12 09:20:32'),(666,823,5,'2013-03-12 09:20:32'),(666,824,5,'2013-03-12 09:20:32'),(666,825,5,'2013-03-12 09:20:32'),(666,826,5,'2013-03-12 09:20:32'),(666,827,5,'2013-03-12 09:20:32'),(666,828,5,'2013-03-12 09:20:32'),(666,829,5,'2013-03-12 09:20:32'),(666,830,5,'2013-03-12 09:20:32'),(666,831,5,'2013-03-12 09:20:32'),(666,832,5,'2013-03-12 09:20:32'),(666,833,5,'2013-03-12 09:20:32'),(666,834,5,'2013-03-12 09:20:32'),(666,835,5,'2013-03-12 09:20:32'),(666,836,5,'2013-03-12 09:20:32'),(666,837,5,'2013-03-12 09:20:32'),(666,838,5,'2013-03-12 09:20:32'),(666,839,5,'2013-03-12 09:20:32'),(666,840,5,'2013-03-12 09:20:32'),(666,841,5,'2013-03-12 09:20:32'),(666,842,5,'2013-03-12 09:20:32'),(666,843,5,'2013-03-12 09:20:32'),(666,844,5,'2013-03-12 09:20:32'),(666,845,5,'2013-03-12 09:20:32'),(666,846,5,'2013-03-12 09:20:32'),(666,847,5,'2013-03-12 09:20:32'),(666,848,5,'2013-03-12 09:20:32'),(666,849,5,'2013-03-12 09:20:32'),(666,850,5,'2013-03-12 09:20:32'),(666,851,5,'2013-03-12 09:20:32'),(666,852,5,'2013-03-12 09:20:32'),(666,853,5,'2013-03-12 09:20:32'),(666,854,5,'2013-03-12 09:20:32'),(666,855,5,'2013-03-12 09:20:32'),(666,856,5,'2013-03-12 09:20:32'),(666,857,5,'2013-03-12 09:20:32'),(666,858,5,'2013-03-12 09:20:32'),(666,859,5,'2013-03-12 09:20:32'),(666,860,5,'2013-03-12 09:20:32'),(666,861,5,'2013-03-12 09:20:32'),(666,862,5,'2013-03-11 20:35:02'),(666,863,5,'2013-03-12 09:20:32'),(666,864,5,'2013-03-12 09:20:32'),(666,865,5,'2013-03-12 09:20:32'),(666,866,5,'2013-03-12 09:20:32'),(666,867,5,'2013-03-12 09:20:32'),(666,868,5,'2013-03-12 09:20:32'),(666,869,5,'2013-03-12 09:20:32'),(666,870,5,'2013-03-12 09:20:32'),(666,871,5,'2013-03-12 09:20:32'),(666,872,5,'2013-03-12 09:20:32'),(666,873,5,'2013-03-12 09:20:32'),(666,874,5,'2013-03-12 09:20:32'),(666,875,5,'2013-03-12 09:20:32'),(666,876,5,'2013-03-12 09:20:32'),(666,877,5,'2013-03-12 09:20:32'),(666,878,5,'2013-03-12 09:20:32'),(666,879,5,'2013-03-12 09:20:32'),(666,880,5,'2013-03-12 09:20:32'),(666,881,5,'2013-03-12 09:20:32'),(666,882,5,'2013-03-12 09:20:32'),(666,883,5,'2013-03-12 09:20:32'),(666,884,5,'2013-03-12 09:20:32'),(666,885,5,'2013-03-12 09:20:32'),(666,886,5,'2013-03-12 09:20:32'),(666,887,5,'2013-03-12 09:20:32'),(666,888,5,'2013-03-12 09:20:32'),(666,889,5,'2013-03-12 09:20:32'),(666,890,5,'2013-03-12 09:20:32'),(666,891,5,'2013-03-11 20:35:02'),(666,892,5,'2013-03-12 09:20:32'),(666,893,5,'2013-03-12 09:20:32'),(666,894,5,'2013-03-12 09:20:32'),(666,895,5,'2013-03-12 09:20:32'),(666,896,5,'2013-03-12 09:20:32'),(666,897,5,'2013-03-12 09:20:32'),(666,898,5,'2013-03-12 09:20:32'),(666,899,5,'2013-03-12 09:20:32'),(666,900,5,'2013-03-12 09:20:32'),(666,901,5,'2013-03-12 09:20:32'),(666,902,5,'2013-03-12 09:20:32'),(666,903,5,'2013-03-12 09:20:32'),(666,904,5,'2013-03-12 09:20:32'),(666,905,5,'2013-03-12 09:20:32'),(666,906,5,'2013-03-12 09:20:32'),(666,907,5,'2013-03-12 09:20:32'),(666,908,5,'2013-03-11 20:35:02'),(666,909,5,'2013-03-12 09:20:32'),(666,910,5,'2013-03-12 09:20:32'),(666,911,5,'2013-03-12 09:20:32'),(666,912,5,'2013-03-12 09:20:32'),(666,913,5,'2013-03-12 09:20:32'),(666,914,5,'2013-03-12 09:20:32'),(666,915,5,'2013-03-12 09:20:32'),(666,916,5,'2013-03-12 09:20:32'),(666,917,5,'2013-03-12 09:20:32'),(666,918,5,'2013-03-12 09:20:32'),(666,919,5,'2013-03-12 09:20:32'),(666,920,5,'2013-03-12 09:20:32'),(666,921,5,'2013-03-12 09:20:32'),(666,922,5,'2013-03-12 09:20:32'),(666,923,5,'2013-03-12 09:20:32'),(666,924,5,'2013-03-12 09:20:32'),(666,925,5,'2013-03-12 09:20:32'),(666,926,5,'2013-03-12 09:20:32'),(666,927,5,'2013-03-12 09:20:32'),(666,928,5,'2013-03-12 09:20:32'),(666,929,5,'2013-03-12 09:20:32'),(666,930,5,'2013-03-12 09:20:32'),(666,931,5,'2013-03-12 09:20:32'),(666,932,5,'2013-03-12 09:20:32'),(666,933,5,'2013-03-12 09:20:32'),(666,934,5,'2013-03-12 09:20:32'),(666,935,5,'2013-03-12 09:20:32'),(666,936,5,'2013-03-12 09:20:32'),(666,937,5,'2013-03-12 09:20:32'),(666,938,5,'2013-03-12 09:20:32'),(666,939,5,'2013-03-12 09:20:32'),(666,940,5,'2013-03-12 09:20:32'),(666,941,5,'2013-03-12 09:20:32'),(666,942,5,'2013-03-12 09:20:32'),(666,943,5,'2013-03-12 09:20:32'),(666,944,5,'2013-03-12 09:20:32'),(666,945,5,'2013-03-12 09:20:32'),(666,946,5,'2013-03-12 09:20:32'),(666,947,5,'2013-03-12 09:20:32'),(666,948,5,'2013-03-12 09:20:32'),(666,949,5,'2013-03-12 09:20:32'),(666,950,5,'2013-03-12 09:20:32'),(666,951,5,'2013-03-12 09:20:32'),(666,952,5,'2013-03-12 09:20:32'),(666,953,5,'2013-03-12 09:20:32'),(666,954,5,'2013-03-12 09:20:32'),(666,955,5,'2013-03-12 09:20:32'),(666,956,5,'2013-03-12 09:20:32'),(666,957,5,'2013-03-12 09:20:32'),(666,958,5,'2013-03-12 09:20:32'),(666,959,5,'2013-03-12 09:20:32'),(666,960,5,'2013-03-12 09:20:32'),(666,961,5,'2013-03-11 20:35:02'),(666,962,5,'2013-03-12 09:20:32'),(666,963,5,'2013-03-12 09:20:32'),(666,964,5,'2013-03-12 09:20:33'),(666,965,5,'2013-03-12 09:20:33'),(666,966,5,'2013-03-12 09:20:33'),(666,967,5,'2013-03-12 09:20:33'),(666,968,5,'2013-03-12 09:20:33'),(666,969,5,'2013-03-12 09:20:33'),(666,970,5,'2013-03-12 09:20:33'),(666,971,5,'2013-03-12 09:20:33'),(666,972,5,'2013-03-12 09:20:33'),(666,973,5,'2013-03-12 09:20:33'),(666,974,5,'2013-03-12 09:20:33'),(666,975,5,'2013-03-12 09:20:33'),(666,976,5,'2013-03-12 09:20:33'),(666,977,5,'2013-03-12 09:20:33'),(666,978,5,'2013-03-12 09:20:33'),(666,979,5,'2013-03-12 09:20:33'),(666,980,5,'2013-03-12 09:20:33'),(666,981,5,'2013-03-12 09:20:33'),(666,982,5,'2013-03-12 09:20:33'),(666,983,5,'2013-03-12 09:20:33'),(666,984,5,'2013-03-12 09:20:33'),(666,985,5,'2013-03-12 09:20:33'),(666,986,5,'2013-03-12 09:20:33'),(666,987,5,'2013-03-12 09:20:33'),(666,988,5,'2013-03-12 09:20:33'),(666,989,5,'2013-03-12 09:20:33'),(666,990,5,'2013-03-12 09:20:33'),(666,991,5,'2013-03-12 09:20:33'),(666,992,5,'2013-03-12 09:20:33'),(666,993,5,'2013-03-12 09:20:33'),(666,994,5,'2013-03-12 09:20:33'),(666,995,5,'2013-03-12 09:20:33'),(666,996,5,'2013-03-12 09:20:33'),(666,997,5,'2013-03-12 09:20:33'),(666,998,5,'2013-03-12 09:20:33'),(666,999,5,'2013-03-12 09:20:33'),(666,1000,5,'2013-03-12 09:20:33'),(666,1001,5,'2013-03-12 09:20:33'),(666,1002,5,'2013-03-12 09:20:33'),(666,1003,5,'2013-03-12 09:20:33'),(666,1004,5,'2013-03-12 09:20:33'),(666,1005,5,'2013-03-12 09:20:33'),(666,1006,5,'2013-03-12 09:20:33'),(666,1007,5,'2013-03-11 21:12:03'),(666,1008,5,'2013-03-12 09:20:33'),(666,1009,5,'2013-03-12 09:20:33'),(666,1010,5,'2013-03-12 09:20:33'),(666,1011,5,'2013-03-12 09:20:33'),(666,1012,5,'2013-03-12 09:20:33'),(666,1013,5,'2013-03-12 09:20:33'),(666,1014,5,'2013-03-12 09:20:33'),(666,1015,5,'2013-03-12 09:20:33'),(666,1016,5,'2013-03-12 09:20:33'),(666,1017,5,'2013-03-12 09:20:33'),(666,1018,5,'2013-03-11 21:12:03'),(666,1019,5,'2013-03-12 09:20:33'),(666,1020,5,'2013-03-12 09:20:33'),(666,1021,5,'2013-03-12 09:20:33'),(666,1022,5,'2013-03-12 09:20:33'),(666,1023,5,'2013-03-12 09:20:33'),(666,1024,5,'2013-03-12 09:20:33'),(666,1025,5,'2013-03-12 09:20:33'),(666,1026,5,'2013-03-12 09:20:33'),(666,1027,5,'2013-03-12 09:20:33'),(666,1028,5,'2013-03-12 09:20:33'),(666,1029,5,'2013-03-12 09:20:33'),(666,1030,5,'2013-03-12 09:20:33'),(666,1031,5,'2013-03-12 09:20:33'),(666,1032,5,'2013-03-12 09:20:33'),(666,1033,5,'2013-03-12 09:20:33'),(666,1034,5,'2013-03-12 09:20:33'),(666,1035,5,'2013-03-12 09:20:33'),(666,1036,5,'2013-03-12 09:20:33'),(666,1037,5,'2013-03-12 09:20:33'),(666,1038,5,'2013-03-12 09:20:33'),(666,1039,5,'2013-03-12 09:20:33'),(666,1040,5,'2013-03-12 09:20:33'),(666,1041,5,'2013-03-12 09:20:33'),(666,1042,5,'2013-03-12 09:20:33'),(666,1043,5,'2013-03-12 09:20:33'),(666,1044,5,'2013-03-12 09:20:33'),(666,1045,5,'2013-03-12 09:20:33'),(666,1046,5,'2013-03-12 09:20:33'),(666,1047,5,'2013-03-12 09:20:33'),(666,1048,5,'2013-03-12 09:20:33'),(666,1049,5,'2013-03-12 09:20:33'),(666,1050,5,'2013-03-12 09:20:33'),(666,1051,5,'2013-03-12 09:20:33'),(666,1052,5,'2013-03-12 09:20:33'),(666,1053,5,'2013-03-12 09:20:33'),(666,1054,5,'2013-03-12 09:20:33'),(666,1055,5,'2013-03-12 09:20:33'),(666,1056,5,'2013-03-12 09:20:33'),(666,1057,5,'2013-03-12 09:20:33'),(666,1058,5,'2013-03-12 09:20:33'),(666,1059,5,'2013-03-11 21:12:03'),(666,1060,5,'2013-03-12 09:20:33'),(666,1061,5,'2013-03-12 09:20:33'),(666,1062,5,'2013-03-12 09:20:33'),(666,1063,5,'2013-03-12 09:20:33'),(666,1064,5,'2013-03-12 09:20:33'),(666,1065,5,'2013-03-12 09:20:33'),(666,1066,5,'2013-03-12 09:20:33'),(666,1067,5,'2013-03-12 09:20:33'),(666,1068,5,'2013-03-12 09:20:33'),(666,1069,5,'2013-03-12 09:20:33'),(666,1070,5,'2013-03-12 09:20:33'),(666,1071,5,'2013-03-12 09:20:33'),(666,1072,5,'2013-03-12 09:20:33'),(666,1073,5,'2013-03-12 09:20:33'),(666,1074,5,'2013-03-12 09:20:33'),(666,1075,5,'2013-03-12 09:20:33'),(666,1076,5,'2013-03-11 21:12:03'),(666,1077,5,'2013-03-12 09:20:33'),(666,1078,5,'2013-03-12 09:20:33'),(666,1079,5,'2013-03-12 09:20:33'),(666,1080,5,'2013-03-12 09:20:33'),(666,1081,5,'2013-03-12 09:20:33'),(666,1082,5,'2013-03-12 09:20:33'),(666,1083,5,'2013-03-12 09:20:33'),(666,1084,5,'2013-03-12 09:20:33'),(666,1085,5,'2013-03-12 09:20:33'),(666,1086,5,'2013-03-12 09:20:33'),(666,1087,5,'2013-03-12 09:20:33'),(666,1088,5,'2013-03-12 09:20:33'),(666,1089,5,'2013-03-12 09:20:33'),(666,1090,5,'2013-03-12 09:20:33'),(666,1091,5,'2013-03-12 09:20:33'),(666,1092,5,'2013-03-12 09:20:33'),(666,1093,5,'2013-03-12 09:20:33'),(666,1094,5,'2013-03-12 09:20:33'),(666,1095,5,'2013-03-12 09:20:33'),(666,1096,5,'2013-03-12 09:20:33'),(666,1097,5,'2013-03-12 09:20:33'),(666,1098,5,'2013-03-12 09:20:33'),(666,1099,5,'2013-03-12 09:20:33'),(666,1100,5,'2013-03-12 09:20:33'),(666,1101,5,'2013-03-12 09:20:33'),(666,1102,5,'2013-03-12 09:20:33'),(666,1103,5,'2013-03-12 09:20:33'),(666,1104,5,'2013-03-12 09:20:33'),(666,1105,5,'2013-03-11 21:12:03'),(666,1106,5,'2013-03-12 09:20:33'),(666,1107,5,'2013-03-12 09:20:33'),(666,1108,5,'2013-03-12 09:20:33'),(666,1109,5,'2013-03-12 09:20:33'),(666,1110,5,'2013-03-12 09:20:33'),(666,1111,5,'2013-03-12 09:20:33'),(666,1112,5,'2013-03-12 09:20:33'),(666,1113,5,'2013-03-12 09:20:33'),(666,1114,5,'2013-03-12 09:20:33'),(666,1115,5,'2013-03-12 09:20:33'),(666,1116,5,'2013-03-11 21:12:03'),(666,1117,5,'2013-03-12 09:20:33'),(666,1118,5,'2013-03-12 09:20:33'),(666,1119,5,'2013-03-12 09:20:33'),(666,1120,5,'2013-03-12 09:20:33'),(666,1121,5,'2013-03-12 09:20:33'),(666,1122,5,'2013-03-12 09:20:33'),(666,1123,5,'2013-03-12 09:20:33'),(666,1124,5,'2013-03-12 09:20:33'),(666,1125,5,'2013-03-12 09:20:33'),(666,1126,5,'2013-03-12 09:20:33'),(666,1127,5,'2013-03-12 09:20:33'),(666,1128,5,'2013-03-12 09:20:33'),(666,1129,5,'2013-03-12 09:20:33'),(666,1130,5,'2013-03-12 09:20:33'),(666,1131,5,'2013-03-12 09:20:33'),(666,1132,5,'2013-03-12 09:20:33'),(666,1133,5,'2013-03-11 21:12:03'),(666,1134,5,'2013-03-12 09:20:33'),(666,1135,5,'2013-03-12 09:20:33'),(666,1136,5,'2013-03-12 09:20:33'),(666,1137,5,'2013-03-12 09:20:33'),(666,1138,5,'2013-03-12 09:20:33'),(666,1139,5,'2013-03-12 09:20:33'),(666,1140,5,'2013-03-12 09:20:33'),(666,1141,5,'2013-03-12 09:20:33'),(666,1142,5,'2013-03-12 09:20:33'),(666,1143,5,'2013-03-12 09:20:33'),(666,1144,5,'2013-03-12 09:20:33'),(666,1145,5,'2013-03-12 09:20:33'),(666,1146,5,'2013-03-12 09:20:33'),(666,1147,5,'2013-03-12 09:20:33'),(666,1148,5,'2013-03-12 09:20:33'),(666,1149,5,'2013-03-12 09:20:33'),(666,1150,5,'2013-03-11 22:06:03'),(666,1151,5,'2013-03-11 22:06:03'),(666,1152,5,'2013-03-11 22:06:03'),(666,1153,5,'2013-03-11 22:06:03'),(666,1154,5,'2013-03-11 22:06:03'),(666,1155,5,'2013-03-11 22:06:03'),(681,682,5,'2013-03-12 09:20:33'),(681,686,5,'2013-03-08 14:06:02'),(681,695,5,'2013-03-12 09:20:33'),(681,779,5,'2013-03-12 09:20:33'),(681,784,5,'2013-03-12 09:20:33'),(684,685,5,'2013-03-12 09:20:33'),(684,689,5,'2013-03-12 09:20:33'),(684,690,5,'2013-03-12 09:20:33'),(684,786,5,'2013-03-12 09:20:33'),(690,691,5,'2013-03-12 09:20:33'),(691,692,5,'2013-03-12 09:20:33'),(691,693,5,'2013-03-12 09:20:33'),(691,694,5,'2013-03-12 09:20:33'),(695,696,5,'2013-03-09 00:58:02'),(696,697,5,'2013-03-12 09:20:33'),(697,698,5,'2013-03-09 15:34:02'),(698,699,5,'2013-03-09 19:18:02'),(701,702,5,'2013-03-10 05:27:03'),(702,703,5,'2013-03-10 09:47:02'),(703,704,5,'2013-03-12 09:20:33'),(704,705,5,'2013-03-10 18:59:02'),(705,706,2,'2013-03-10 21:06:02'),(706,707,5,'2013-03-11 00:30:03'),(706,708,5,'2013-03-11 00:30:03'),(708,709,5,'2013-03-11 00:30:03'),(709,710,5,'2013-03-11 00:25:02'),(709,711,5,'2013-03-11 00:25:02'),(709,713,5,'2013-03-12 09:20:33'),(709,714,5,'2013-03-12 09:20:33'),(709,715,5,'2013-03-12 09:20:33'),(709,716,5,'2013-03-12 09:20:33'),(709,717,5,'2013-03-12 09:20:33'),(709,718,5,'2013-03-12 09:20:33'),(709,720,5,'2013-03-11 00:25:02'),(709,721,5,'2013-03-11 00:25:02'),(709,722,5,'2013-03-11 00:25:02'),(709,723,5,'2013-03-11 00:25:02'),(709,724,5,'2013-03-11 00:25:02'),(709,725,5,'2013-03-11 00:25:02'),(709,726,5,'2013-03-11 00:25:02'),(709,727,5,'2013-03-12 09:20:33'),(709,728,5,'2013-03-11 00:25:02'),(709,729,5,'2013-03-12 09:20:33'),(709,730,5,'2013-03-12 09:20:33'),(709,731,5,'2013-03-12 09:20:33'),(709,732,5,'2013-03-12 09:20:33'),(709,733,5,'2013-03-12 09:20:33'),(709,734,5,'2013-03-12 09:20:33'),(709,735,5,'2013-03-12 09:20:33'),(709,736,5,'2013-03-12 09:20:33'),(709,737,5,'2013-03-12 09:20:33'),(709,738,5,'2013-03-12 09:20:33'),(709,740,5,'2013-03-12 09:20:33'),(709,741,5,'2013-03-12 09:20:33'),(709,743,5,'2013-03-12 09:20:33'),(709,744,5,'2013-03-12 09:20:33'),(709,746,5,'2013-03-12 09:20:33'),(709,747,5,'2013-03-12 09:20:33'),(709,748,5,'2013-03-12 09:20:33'),(709,749,5,'2013-03-12 09:20:33'),(709,750,5,'2013-03-12 09:20:33'),(709,751,5,'2013-03-12 09:20:33'),(709,756,5,'2013-03-12 09:20:33'),(709,757,5,'2013-03-12 09:20:33'),(709,759,5,'2013-03-12 09:20:33'),(709,760,5,'2013-03-12 09:20:33'),(709,761,5,'2013-03-12 09:20:33'),(709,763,5,'2013-03-12 09:20:33'),(709,764,5,'2013-03-12 09:20:33'),(709,765,5,'2013-03-12 09:20:33'),(709,766,5,'2013-03-12 09:20:33'),(709,767,5,'2013-03-12 09:20:33'),(711,712,5,'2013-03-11 00:24:03'),(718,719,5,'2013-03-11 00:21:02'),(738,739,5,'2013-03-11 00:22:03'),(741,742,5,'2013-03-11 00:25:02'),(744,745,5,'2013-03-11 00:29:02'),(744,753,5,'2013-03-11 00:29:02'),(744,754,5,'2013-03-11 00:29:02'),(744,755,5,'2013-03-11 00:29:02'),(744,758,5,'2013-03-11 00:29:02'),(744,762,5,'2013-03-11 00:29:02'),(751,752,5,'2013-03-11 00:29:02'),(767,768,5,'2013-03-11 05:20:03'),(768,769,5,'2013-03-11 05:31:02'),(769,770,5,'2013-03-11 05:38:03'),(770,771,5,'2013-03-11 05:38:03'),(771,772,5,'2013-03-11 05:38:03'),(772,773,5,'2013-03-11 05:47:02'),(773,774,5,'2013-03-11 05:47:02'),(774,775,5,'2013-03-11 05:47:02'),(775,776,5,'2013-03-11 08:24:02'),(776,777,5,'2013-03-11 08:48:02'),(777,778,5,'2013-03-11 08:55:02'),(781,782,5,'2013-03-11 12:48:03'),(782,783,5,'2013-03-11 14:26:03'),(786,787,5,'2013-03-12 09:20:33'),(786,790,5,'2013-03-12 09:20:33'),(788,789,5,'2013-03-11 14:27:02'),(791,792,5,'2013-03-11 16:38:03'),(1155,1156,5,'2013-03-11 23:58:02'),(1157,1158,5,'2013-03-12 15:49:03'),(1158,1159,5,'2013-03-12 15:59:02'),(1159,1160,5,'2013-03-12 16:11:03'),(1160,1161,5,'2013-03-12 16:18:03'),(1161,1162,5,'2013-03-12 16:18:03'),(1162,1163,5,'2013-03-12 16:19:02'),(1163,1164,5,'2013-03-12 16:19:02'),(1164,1165,5,'2013-03-12 16:29:02'),(1165,1166,5,'2013-03-12 16:39:02'),(1166,1167,5,'2013-03-12 16:49:03'),(1167,1168,5,'2013-03-12 16:58:02'),(1168,1169,5,'2013-03-13 00:48:03'),(1169,1170,5,'2013-03-13 00:48:03'),(1170,1171,5,'2013-03-13 07:29:02'),(1171,1172,5,'2013-03-13 07:39:02'),(1172,1173,5,'2013-03-13 08:04:03'),(1173,1174,5,'2013-03-13 08:13:03'),(1174,1175,5,'2013-03-13 08:22:03'),(1175,1176,5,'2013-03-13 08:31:03'),(1176,1177,5,'2013-03-13 08:40:02'),(1177,1178,5,'2013-03-13 08:49:02'),(1178,1179,5,'2013-03-13 09:31:02');
/*!40000 ALTER TABLE `Groups` ENABLE KEYS */;
UNLOCK TABLES;

--
-- Table structure for table `Incident`
--

DROP TABLE IF EXISTS `Incident`;
/*!40101 SET @saved_cs_client     = @@character_set_client */;
/*!40101 SET character_set_client = utf8 */;
CREATE TABLE `Incident` (
  `IdIncident` int(11) NOT NULL AUTO_INCREMENT,
  `StartDate` datetime NOT NULL,
  PRIMARY KEY (`IdIncident`)
) ENGINE=InnoDB AUTO_INCREMENT=3 DEFAULT CHARSET=latin1;
/*!40101 SET character_set_client = @saved_cs_client */;

--
-- Dumping data for table `Incident`
--

LOCK TABLES `Incident` WRITE;
/*!40000 ALTER TABLE `Incident` DISABLE KEYS */;
INSERT INTO `Incident` VALUES (1,'2015-12-12 00:00:00'),(2,'2016-11-11 00:00:00');
/*!40000 ALTER TABLE `Incident` ENABLE KEYS */;
UNLOCK TABLES;

--
-- Table structure for table `IncidentReport`
--

DROP TABLE IF EXISTS `IncidentReport`;
/*!40101 SET @saved_cs_client     = @@character_set_client */;
/*!40101 SET character_set_client = utf8 */;
CREATE TABLE `IncidentReport` (
  `IdIncident` int(11) NOT NULL,
  `IdReport` int(11) NOT NULL,
  PRIMARY KEY (`IdIncident`,`IdReport`),
  KEY `IncidentReport_FI_1` (`IdReport`),
  CONSTRAINT `IncidentReport_FK_1` FOREIGN KEY (`IdReport`) REFERENCES `Report` (`IdReport`) ON DELETE CASCADE,
  CONSTRAINT `IncidentReport_FK_2` FOREIGN KEY (`IdIncident`) REFERENCES `Incident` (`IdIncident`) ON DELETE CASCADE
) ENGINE=InnoDB DEFAULT CHARSET=latin1;
/*!40101 SET character_set_client = @saved_cs_client */;

--
-- Dumping data for table `IncidentReport`
--

LOCK TABLES `IncidentReport` WRITE;
/*!40000 ALTER TABLE `IncidentReport` DISABLE KEYS */;
INSERT INTO `IncidentReport` VALUES (1,38),(2,40),(1,547),(1,548),(2,548),(1,549),(2,549),(2,550),(2,551),(2,552),(1,650);
/*!40000 ALTER TABLE `IncidentReport` ENABLE KEYS */;
UNLOCK TABLES;

--
-- Table structure for table `IncidentStatus`
--

DROP TABLE IF EXISTS `IncidentStatus`;
/*!40101 SET @saved_cs_client     = @@character_set_client */;
/*!40101 SET character_set_client = utf8 */;
CREATE TABLE `IncidentStatus` (
  `IdIncident` int(11) NOT NULL,
  `IdFlag` int(11) NOT NULL,
  `StatusDate` datetime NOT NULL,
  PRIMARY KEY (`IdIncident`,`IdFlag`,`StatusDate`),
  KEY `IncidentStatus_FI_2` (`IdFlag`),
  CONSTRAINT `IncidentStatus_FK_1` FOREIGN KEY (`IdIncident`) REFERENCES `Incident` (`IdIncident`) ON DELETE CASCADE,
  CONSTRAINT `IncidentStatus_FK_2` FOREIGN KEY (`IdFlag`) REFERENCES `Flag` (`IdFlag`) ON DELETE CASCADE
) ENGINE=InnoDB DEFAULT CHARSET=latin1;
/*!40101 SET character_set_client = @saved_cs_client */;

--
-- Dumping data for table `IncidentStatus`
--

LOCK TABLES `IncidentStatus` WRITE;
/*!40000 ALTER TABLE `IncidentStatus` DISABLE KEYS */;
INSERT INTO `IncidentStatus` VALUES (1,1,'2013-03-12 13:23:24'),(2,1,'2013-03-12 11:42:39'),(2,1,'2013-03-12 12:09:43'),(1,2,'2013-03-12 11:08:51'),(2,2,'2013-03-12 11:08:42'),(2,3,'2013-03-12 11:43:10'),(2,5,'2013-03-12 12:10:52'),(2,5,'2013-03-12 12:12:03'),(1,6,'2013-03-12 11:10:15');
/*!40000 ALTER TABLE `IncidentStatus` ENABLE KEYS */;
UNLOCK TABLES;

--
-- Table structure for table `Message`
--

DROP TABLE IF EXISTS `Message`;
/*!40101 SET @saved_cs_client     = @@character_set_client */;
/*!40101 SET character_set_client = utf8 */;
CREATE TABLE `Message` (
  `IdMessage` int(11) NOT NULL AUTO_INCREMENT,
  `IdIncident` int(11) NOT NULL,
  `MessageDate` datetime NOT NULL,
  `MessageText` varchar(255) NOT NULL,
  `Author` varchar(20) NOT NULL,
  `Visible` tinyint(1) NOT NULL,
  PRIMARY KEY (`IdMessage`),
  KEY `Message_FI_1` (`IdIncident`),
  CONSTRAINT `Message_FK_1` FOREIGN KEY (`IdIncident`) REFERENCES `Incident` (`IdIncident`)
) ENGINE=InnoDB AUTO_INCREMENT=10 DEFAULT CHARSET=latin1;
/*!40101 SET character_set_client = @saved_cs_client */;

--
-- Dumping data for table `Message`
--

LOCK TABLES `Message` WRITE;
/*!40000 ALTER TABLE `Message` DISABLE KEYS */;
INSERT INTO `Message` VALUES (1,1,'2015-12-12 00:00:00','askldjaskdjasdklajdakldj','j1k31j2k3h1jkh',1),(2,1,'2016-12-30 00:00:00','Immah late lajdakldj','j1k31j2k3h1jkh',1),(3,1,'2013-03-07 13:52:36','HERE BE INVIS TEXT','Nils',0),(4,2,'2013-03-07 14:02:53','HERE BE INVIS TEXT','Nils',0),(5,1,'2013-03-12 11:25:51','Dette er en test','Ketil',0),(6,2,'2013-03-12 11:43:10','ALT SAMTIDIG','Ketil',1),(7,2,'2013-03-12 12:09:43','Dask','Ketil',0),(8,2,'2013-03-12 12:10:52','Ting','Ketil',0),(9,2,'2013-03-12 12:12:04','Tang','Ketil',1);
/*!40000 ALTER TABLE `Message` ENABLE KEYS */;
UNLOCK TABLES;

--
-- Table structure for table `Report`
--

DROP TABLE IF EXISTS `Report`;
/*!40101 SET @saved_cs_client     = @@character_set_client */;
/*!40101 SET character_set_client = utf8 */;
CREATE TABLE `Report` (
  `IdReport` int(11) NOT NULL AUTO_INCREMENT,
  `Timestamp` datetime NOT NULL,
  `ErrorMessage` varchar(255) NOT NULL,
  `CheckType` varchar(40) DEFAULT NULL,
  `IdSource` int(11) NOT NULL,
  `IdService` int(11) NOT NULL,
  PRIMARY KEY (`IdReport`),
  KEY `Report_FI_1` (`IdSource`),
  KEY `Report_FI_2` (`IdService`),
  CONSTRAINT `Report_FK_1` FOREIGN KEY (`IdSource`) REFERENCES `Source` (`IdSource`),
  CONSTRAINT `Report_FK_2` FOREIGN KEY (`IdService`) REFERENCES `Service` (`IdService`)
) ENGINE=InnoDB AUTO_INCREMENT=1180 DEFAULT CHARSET=latin1;
/*!40101 SET character_set_client = @saved_cs_client */;

--
-- Dumping data for table `Report`
--

LOCK TABLES `Report` WRITE;
/*!40000 ALTER TABLE `Report` DISABLE KEYS */;
INSERT INTO `Report` VALUES (38,'2013-02-04 22:30:12','unknown','ping',2,74),(40,'2013-03-06 13:58:43','CHECK_NRPE: Socket timeout after 20 seconds.','Load Average',1,12),(41,'2013-03-06 16:01:13','CHECK_NRPE: Socket timeout after 20 seconds.','Load Average',1,12),(43,'2013-03-06 23:23:43','CHECK_NRPE: Socket timeout after 20 seconds.','Load Average',1,12),(44,'2013-03-06 23:23:39','PING WARNING - Packet loss = 28%, RTA = 38.06 ms','ping',1,41),(45,'2013-03-06 23:23:59','PING CRITICAL - Packet loss = 60%, RTA = 37.80 ms','ping',1,50),(46,'2013-03-06 23:23:43','CHECK_NRPE: Socket timeout after 20 seconds.','Free Space All Disks',1,50),(47,'2013-03-06 23:27:59','PING CRITICAL - Packet loss = 100%','ping',1,26),(48,'2013-03-06 23:29:05','down','http',2,112),(49,'2013-03-06 23:28:01','CHECK_NRPE: Socket timeout after 20 seconds.','Processes',1,26),(50,'2013-03-06 23:27:57','CHECK_NRPE: Socket timeout after 20 seconds.','Free Memory',1,26),(51,'2013-03-06 23:28:19','PING CRITICAL - Packet loss = 100%','ping',1,26),(52,'2013-03-06 23:27:57','CHECK_NRPE: Socket timeout after 20 seconds.','Free Space All Disks',1,26),(53,'2013-03-06 23:28:03','CRITICAL - Socket timeout after 10 seconds','SSH',1,26),(54,'2013-03-06 23:27:58','CHECK_NRPE: Socket timeout after 20 seconds.','Load Average',1,26),(55,'2013-03-06 23:28:43','CHECK_NRPE: Socket timeout after 20 seconds.','Free Memory',1,32),(56,'2013-03-06 23:28:58','CRITICAL - Socket timeout after 10 seconds','SSH',1,32),(57,'2013-02-08 03:04:22','unconfirmed_down','ping',2,55),(58,'2013-03-06 23:29:58','CRITICAL - Socket timeout after 10 seconds','SSH',1,3),(59,'2013-03-06 23:29:16','CHECK_NRPE: Socket timeout after 20 seconds.','Processes',1,13),(60,'2013-03-06 23:29:19','PING CRITICAL - Packet loss = 100%','ping',1,13),(61,'2013-03-06 23:29:16','CHECK_NRPE: Socket timeout after 20 seconds.','Free Memory',1,13),(62,'2013-03-06 23:29:20','CRITICAL - Socket timeout after 10 seconds','SSH',1,13),(63,'2013-03-06 23:29:01','CHECK_NRPE: Socket timeout after 20 seconds.','Processes',1,26),(64,'2013-03-06 23:28:57','CHECK_NRPE: Socket timeout after 20 seconds.','Free Memory',1,26),(65,'2013-03-06 23:29:19','PING CRITICAL - Packet loss = 100%','ping',1,26),(66,'2013-03-06 23:28:57','CHECK_NRPE: Socket timeout after 20 seconds.','Free Space All Disks',1,26),(67,'2013-03-06 23:29:03','CRITICAL - Socket timeout after 10 seconds','SSH',1,26),(68,'2013-03-06 23:28:58','CHECK_NRPE: Socket timeout after 20 seconds.','Load Average',1,26),(69,'2013-03-06 23:28:59','CHECK_NRPE: Socket timeout after 20 seconds.','Processes',1,32),(70,'2013-03-06 23:29:43','CHECK_NRPE: Socket timeout after 20 seconds.','Free Memory',1,32),(71,'2013-03-06 23:29:11','PING CRITICAL - Packet loss = 100%','ping',1,32),(72,'2013-03-06 23:29:21','CHECK_NRPE: Socket timeout after 20 seconds.','Free Space All Disks',1,32),(73,'2013-03-06 23:29:58','CRITICAL - Socket timeout after 10 seconds','SSH',1,32),(74,'2013-03-06 23:29:16','CHECK_NRPE: Socket timeout after 20 seconds.','Load Average',1,32),(75,'2013-03-06 23:29:58','CRITICAL - Socket timeout after 10 seconds','SSH',1,33),(76,'2013-03-06 23:29:16','CHECK_NRPE: Socket timeout after 20 seconds.','Processes',1,55),(77,'2013-03-06 23:29:16','CHECK_NRPE: Socket timeout after 20 seconds.','Free Memory',1,55),(78,'2013-03-06 23:29:19','PING CRITICAL - Packet loss = 100%','ping',1,55),(79,'2013-03-06 23:29:36','CHECK_NRPE: Socket timeout after 20 seconds.','Free Space All Disks',1,55),(80,'2013-03-06 23:29:31','CRITICAL - Socket timeout after 10 seconds','SSH',1,55),(81,'2013-03-06 23:29:16','CHECK_NRPE: Socket timeout after 20 seconds.','Load Average',1,55),(82,'2013-03-06 23:30:32','down','ping',2,55),(83,'2012-12-26 16:55:21','unconfirmed_down','http',2,3),(84,'2013-03-06 23:30:45','down','ping',2,3),(85,'2013-03-06 23:30:35','down','http',2,13),(86,'2013-03-06 23:30:35','CHECK_NRPE: Socket timeout after 20 seconds.','Processes',1,3),(87,'2013-03-06 23:30:31','PING CRITICAL - Packet loss = 100%','ping',1,3),(88,'2013-03-06 23:30:11','CHECK_NRPE: Socket timeout after 20 seconds.','Free Memory',1,3),(89,'2013-03-06 23:30:33','CHECK_NRPE: Socket timeout after 20 seconds.','Free Space All Disks',1,3),(90,'2013-03-06 23:30:18','CRITICAL - Socket timeout after 10 seconds','SSH',1,3),(91,'2013-03-06 23:30:38','CHECK_NRPE: Socket timeout after 20 seconds.','MySQL',1,3),(92,'2013-03-06 23:30:23','CHECK_NRPE: Socket timeout after 20 seconds.','Load Average',1,3),(93,'2013-03-06 23:30:16','CHECK_NRPE: Socket timeout after 20 seconds.','Processes',1,13),(94,'2013-03-06 23:30:19','PING CRITICAL - Packet loss = 100%','ping',1,13),(95,'2013-03-06 23:30:16','CHECK_NRPE: Socket timeout after 20 seconds.','Free Memory',1,13),(96,'2013-03-06 23:29:57','CHECK_NRPE: Socket timeout after 20 seconds.','Free Space All Disks',1,13),(97,'2013-03-06 23:30:20','CRITICAL - Socket timeout after 10 seconds','SSH',1,13),(98,'2013-03-06 23:29:58','CHECK_NRPE: Socket timeout after 20 seconds.','MySQL',1,13),(99,'2013-03-06 23:29:58','CHECK_NRPE: Socket timeout after 20 seconds.','Load Average',1,13),(100,'2013-03-06 23:30:01','CHECK_NRPE: Socket timeout after 20 seconds.','Processes',1,26),(101,'2013-03-06 23:29:57','CHECK_NRPE: Socket timeout after 20 seconds.','Free Memory',1,26),(102,'2013-03-06 23:29:57','CHECK_NRPE: Socket timeout after 20 seconds.','Free Space All Disks',1,26),(103,'2013-03-06 23:30:03','CRITICAL - Socket timeout after 10 seconds','SSH',1,26),(104,'2013-03-06 23:29:58','CHECK_NRPE: Socket timeout after 20 seconds.','Load Average',1,26),(105,'2013-03-06 23:30:52','CHECK_NRPE: Socket timeout after 20 seconds.','Processes',1,29),(106,'2013-03-06 23:30:59','CRITICAL - Socket timeout after 10 seconds','SSH',1,29),(107,'2013-03-06 23:30:35','CHECK_NRPE: Socket timeout after 20 seconds.','MySQL',1,29),(108,'2013-03-06 23:29:59','CHECK_NRPE: Socket timeout after 20 seconds.','Processes',1,32),(109,'2013-03-06 23:30:43','CHECK_NRPE: Socket timeout after 20 seconds.','Free Memory',1,32),(110,'2013-03-06 23:30:11','PING CRITICAL - Packet loss = 100%','ping',1,32),(111,'2013-03-06 23:30:21','CHECK_NRPE: Socket timeout after 20 seconds.','Free Space All Disks',1,32),(112,'2013-03-06 23:30:58','CRITICAL - Socket timeout after 10 seconds','SSH',1,32),(113,'2013-03-06 23:30:16','CHECK_NRPE: Socket timeout after 20 seconds.','Load Average',1,32),(114,'2013-03-06 23:30:35','CHECK_NRPE: Socket timeout after 20 seconds.','Processes',1,33),(115,'2013-03-06 23:30:18','CHECK_NRPE: Socket timeout after 20 seconds.','Free Memory',1,33),(116,'2013-03-06 23:30:26','PING CRITICAL - Packet loss = 100%','ping',1,33),(117,'2013-03-06 23:30:25','CHECK_NRPE: Socket timeout after 20 seconds.','Free Space All Disks',1,33),(118,'2013-03-06 23:30:58','CRITICAL - Socket timeout after 10 seconds','SSH',1,33),(119,'2013-03-06 23:30:17','CHECK_NRPE: Socket timeout after 20 seconds.','Load Average',1,33),(120,'2013-03-06 23:30:18','CHECK_NRPE: Socket timeout after 20 seconds.','Processes',1,53),(121,'2013-03-06 23:30:23','CHECK_NRPE: Socket timeout after 20 seconds.','Free Memory',1,53),(122,'2013-03-06 23:30:26','PING CRITICAL - Packet loss = 100%','ping',1,53),(123,'2013-03-06 23:30:23','CHECK_NRPE: Socket timeout after 20 seconds.','Free Space All Disks',1,53),(124,'2013-03-06 23:30:36','CRITICAL - Socket timeout after 10 seconds','SSH',1,53),(125,'2013-03-06 23:30:25','CHECK_NRPE: Socket timeout after 20 seconds.','Load Average',1,53),(126,'2013-03-06 23:30:16','CHECK_NRPE: Socket timeout after 20 seconds.','Processes',1,55),(127,'2013-03-06 23:30:16','CHECK_NRPE: Socket timeout after 20 seconds.','Free Memory',1,55),(128,'2013-03-06 23:30:19','PING CRITICAL - Packet loss = 100%','ping',1,55),(129,'2013-03-06 23:30:36','CHECK_NRPE: Socket timeout after 20 seconds.','Free Space All Disks',1,55),(130,'2013-03-06 23:30:31','CRITICAL - Socket timeout after 10 seconds','SSH',1,55),(131,'2013-03-06 23:30:16','CHECK_NRPE: Socket timeout after 20 seconds.','Load Average',1,55),(132,'2013-02-08 02:41:18','unconfirmed_down','ping',2,23),(133,'2013-03-06 23:31:21','down','http',2,3),(134,'2013-03-06 23:31:28','down','http',2,29),(135,'2013-03-06 23:31:35','CHECK_NRPE: Socket timeout after 20 seconds.','Processes',1,3),(136,'2013-03-06 23:31:31','PING CRITICAL - Packet loss = 100%','ping',1,3),(137,'2013-03-06 23:31:11','CHECK_NRPE: Socket timeout after 20 seconds.','Free Memory',1,3),(138,'2013-03-06 23:31:33','CHECK_NRPE: Socket timeout after 20 seconds.','Free Space All Disks',1,3),(139,'2013-03-06 23:31:18','CRITICAL - Socket timeout after 10 seconds','SSH',1,3),(140,'2013-03-06 23:31:38','CHECK_NRPE: Socket timeout after 20 seconds.','MySQL',1,3),(141,'2013-03-06 23:31:23','CHECK_NRPE: Socket timeout after 20 seconds.','Load Average',1,3),(142,'2013-03-06 23:31:16','CHECK_NRPE: Socket timeout after 20 seconds.','Processes',1,13),(143,'2013-03-06 23:31:19','PING CRITICAL - Packet loss = 100%','ping',1,13),(144,'2013-03-06 23:31:16','CHECK_NRPE: Socket timeout after 20 seconds.','Free Memory',1,13),(145,'2013-03-06 23:30:57','CHECK_NRPE: Socket timeout after 20 seconds.','Free Space All Disks',1,13),(146,'2013-03-06 23:31:20','CRITICAL - Socket timeout after 10 seconds','SSH',1,13),(147,'2013-03-06 23:30:58','CHECK_NRPE: Socket timeout after 20 seconds.','MySQL',1,13),(148,'2013-03-06 23:30:58','CHECK_NRPE: Socket timeout after 20 seconds.','Load Average',1,13),(149,'2013-03-06 23:31:19','CHECK_NRPE: Socket timeout after 20 seconds.','Free Memory',1,16),(150,'2013-03-06 23:31:31','PING CRITICAL - Packet loss = 100%','ping',1,16),(151,'2013-03-06 23:31:20','CHECK_NRPE: Socket timeout after 20 seconds.','Free Space All Disks',1,16),(152,'2013-03-06 23:31:36','CRITICAL - Socket timeout after 10 seconds','SSH',1,16),(153,'2013-03-06 23:31:50','CHECK_NRPE: Socket timeout after 20 seconds.','Load Average',1,16),(154,'2013-03-06 23:31:57','PING CRITICAL - Packet loss = 100%','ping',1,23),(155,'2013-03-06 23:31:47','CRITICAL - Socket timeout after 10 seconds','SSH',1,23),(156,'2013-03-06 23:31:01','CHECK_NRPE: Socket timeout after 20 seconds.','Processes',1,26),(157,'2013-03-06 23:30:57','CHECK_NRPE: Socket timeout after 20 seconds.','Free Memory',1,26),(158,'2013-03-06 23:30:57','CHECK_NRPE: Socket timeout after 20 seconds.','Free Space All Disks',1,26),(159,'2013-03-06 23:32:03','CRITICAL - Socket timeout after 10 seconds','SSH',1,26),(160,'2013-03-06 23:30:58','CHECK_NRPE: Socket timeout after 20 seconds.','Load Average',1,26),(161,'2013-03-06 23:31:13','CHECK_NRPE: Socket timeout after 20 seconds.','Processes',1,29),(162,'2013-03-06 23:31:11','PING CRITICAL - Packet loss = 100%','ping',1,29),(163,'2013-03-06 23:31:12','CHECK_NRPE: Socket timeout after 20 seconds.','Free Memory',1,29),(164,'2013-03-06 23:31:16','CHECK_NRPE: Socket timeout after 20 seconds.','Free Space All Disks',1,29),(165,'2013-03-06 23:31:19','CRITICAL - Socket timeout after 10 seconds','SSH',1,29),(166,'2013-03-06 23:31:03','CHECK_NRPE: Socket timeout after 20 seconds.','MySQL',1,29),(167,'2013-03-06 23:30:58','CHECK_NRPE: Socket timeout after 20 seconds.','Load Average',1,29),(168,'2013-03-06 23:30:59','CHECK_NRPE: Socket timeout after 20 seconds.','Processes',1,32),(169,'2013-03-06 23:31:43','CHECK_NRPE: Socket timeout after 20 seconds.','Free Memory',1,32),(170,'2013-03-06 23:31:11','PING CRITICAL - Packet loss = 100%','ping',1,32),(171,'2013-03-06 23:31:21','CHECK_NRPE: Socket timeout after 20 seconds.','Free Space All Disks',1,32),(172,'2013-03-06 23:31:58','CRITICAL - Socket timeout after 10 seconds','SSH',1,32),(173,'2013-03-06 23:31:16','CHECK_NRPE: Socket timeout after 20 seconds.','Load Average',1,32),(174,'2013-03-06 23:31:35','CHECK_NRPE: Socket timeout after 20 seconds.','Processes',1,33),(175,'2013-03-06 23:31:18','CHECK_NRPE: Socket timeout after 20 seconds.','Free Memory',1,33),(176,'2013-03-06 23:31:26','PING CRITICAL - Packet loss = 100%','ping',1,33),(177,'2013-03-06 23:31:25','CHECK_NRPE: Socket timeout after 20 seconds.','Free Space All Disks',1,33),(178,'2013-03-06 23:31:58','CRITICAL - Socket timeout after 10 seconds','SSH',1,33),(179,'2013-03-06 23:31:17','CHECK_NRPE: Socket timeout after 20 seconds.','Load Average',1,33),(180,'2013-03-06 23:31:18','CHECK_NRPE: Socket timeout after 20 seconds.','Processes',1,53),(181,'2013-03-06 23:31:23','CHECK_NRPE: Socket timeout after 20 seconds.','Free Memory',1,53),(182,'2013-03-06 23:31:26','PING CRITICAL - Packet loss = 100%','ping',1,53),(183,'2013-03-06 23:31:23','CHECK_NRPE: Socket timeout after 20 seconds.','Free Space All Disks',1,53),(184,'2013-03-06 23:31:36','CRITICAL - Socket timeout after 10 seconds','SSH',1,53),(185,'2013-03-06 23:31:25','CHECK_NRPE: Socket timeout after 20 seconds.','Load Average',1,53),(186,'2013-03-06 23:31:16','CHECK_NRPE: Socket timeout after 20 seconds.','Processes',1,55),(187,'2013-03-06 23:31:16','CHECK_NRPE: Socket timeout after 20 seconds.','Free Memory',1,55),(188,'2013-03-06 23:31:19','PING CRITICAL - Packet loss = 100%','ping',1,55),(189,'2013-03-06 23:31:36','CHECK_NRPE: Socket timeout after 20 seconds.','Free Space All Disks',1,55),(190,'2013-03-06 23:31:16','CHECK_NRPE: Socket timeout after 20 seconds.','Load Average',1,55),(191,'2013-03-06 23:32:37','down','ping',2,23),(192,'2013-03-06 23:32:35','CHECK_NRPE: Socket timeout after 20 seconds.','Processes',1,3),(193,'2013-03-06 23:32:11','CHECK_NRPE: Socket timeout after 20 seconds.','Free Memory',1,3),(194,'2013-03-06 23:32:33','CHECK_NRPE: Socket timeout after 20 seconds.','Free Space All Disks',1,3),(195,'2013-03-06 23:32:38','CHECK_NRPE: Socket timeout after 20 seconds.','MySQL',1,3),(196,'2013-03-06 23:32:16','CHECK_NRPE: Socket timeout after 20 seconds.','Processes',1,13),(197,'2013-03-06 23:32:19','PING CRITICAL - Packet loss = 100%','ping',1,13),(198,'2013-03-06 23:32:16','CHECK_NRPE: Socket timeout after 20 seconds.','Free Memory',1,13),(199,'2013-03-06 23:31:57','CHECK_NRPE: Socket timeout after 20 seconds.','Free Space All Disks',1,13),(200,'2013-03-06 23:32:20','CRITICAL - Socket timeout after 10 seconds','SSH',1,13),(201,'2013-03-06 23:31:58','CHECK_NRPE: Socket timeout after 20 seconds.','MySQL',1,13),(202,'2013-03-06 23:31:58','CHECK_NRPE: Socket timeout after 20 seconds.','Load Average',1,13),(203,'2013-03-06 23:31:59','CHECK_NRPE: Socket timeout after 20 seconds.','Processes',1,16),(204,'2013-03-06 23:32:19','CHECK_NRPE: Socket timeout after 20 seconds.','Free Memory',1,16),(205,'2013-03-06 23:32:31','PING CRITICAL - Packet loss = 100%','ping',1,16),(206,'2013-03-06 23:32:20','CHECK_NRPE: Socket timeout after 20 seconds.','Free Space All Disks',1,16),(207,'2013-03-06 23:32:36','CRITICAL - Socket timeout after 10 seconds','SSH',1,16),(208,'2013-03-06 23:32:50','CHECK_NRPE: Socket timeout after 20 seconds.','Load Average',1,16),(209,'2013-03-06 23:32:16','CHECK_NRPE: Socket timeout after 20 seconds.','Processes',1,23),(210,'2013-03-06 23:32:16','CHECK_NRPE: Socket timeout after 20 seconds.','Free Memory',1,23),(211,'2013-03-06 23:32:57','PING CRITICAL - Packet loss = 100%','ping',1,23),(212,'2013-03-06 23:31:57','CHECK_NRPE: Socket timeout after 20 seconds.','Free Space All Disks',1,23),(213,'2013-03-06 23:32:47','CRITICAL - Socket timeout after 10 seconds','SSH',1,23),(214,'2013-03-06 23:31:58','CHECK_NRPE: Socket timeout after 20 seconds.','Load Average',1,23),(215,'2013-03-06 23:32:01','CHECK_NRPE: Socket timeout after 20 seconds.','Processes',1,26),(216,'2013-03-06 23:31:57','CHECK_NRPE: Socket timeout after 20 seconds.','Free Memory',1,26),(217,'2013-03-06 23:31:57','CHECK_NRPE: Socket timeout after 20 seconds.','Free Space All Disks',1,26),(218,'2013-03-06 23:31:58','CHECK_NRPE: Socket timeout after 20 seconds.','Load Average',1,26),(219,'2013-03-06 23:32:13','CHECK_NRPE: Socket timeout after 20 seconds.','Processes',1,29),(220,'2013-03-06 23:32:11','PING CRITICAL - Packet loss = 100%','ping',1,29),(221,'2013-03-06 23:32:12','CHECK_NRPE: Socket timeout after 20 seconds.','Free Memory',1,29),(222,'2013-03-06 23:32:16','CHECK_NRPE: Socket timeout after 20 seconds.','Free Space All Disks',1,29),(223,'2013-03-06 23:32:19','CRITICAL - Socket timeout after 10 seconds','SSH',1,29),(224,'2013-03-06 23:32:03','CHECK_NRPE: Socket timeout after 20 seconds.','MySQL',1,29),(225,'2013-03-06 23:31:58','CHECK_NRPE: Socket timeout after 20 seconds.','Load Average',1,29),(226,'2013-03-06 23:31:59','CHECK_NRPE: Socket timeout after 20 seconds.','Processes',1,32),(227,'2013-03-06 23:32:43','CHECK_NRPE: Socket timeout after 20 seconds.','Free Memory',1,32),(228,'2013-03-06 23:32:11','PING CRITICAL - Packet loss = 100%','ping',1,32),(229,'2013-03-06 23:32:21','CHECK_NRPE: Socket timeout after 20 seconds.','Free Space All Disks',1,32),(230,'2013-03-06 23:32:58','CRITICAL - Socket timeout after 10 seconds','SSH',1,32),(231,'2013-03-06 23:32:16','CHECK_NRPE: Socket timeout after 20 seconds.','Load Average',1,32),(232,'2013-03-06 23:32:35','CHECK_NRPE: Socket timeout after 20 seconds.','Processes',1,33),(233,'2013-03-06 23:32:18','CHECK_NRPE: Socket timeout after 20 seconds.','Free Memory',1,33),(234,'2013-03-06 23:32:26','PING CRITICAL - Packet loss = 100%','ping',1,33),(235,'2013-03-06 23:32:25','CHECK_NRPE: Socket timeout after 20 seconds.','Free Space All Disks',1,33),(236,'2013-03-06 23:32:58','CRITICAL - Socket timeout after 10 seconds','SSH',1,33),(237,'2013-03-06 23:32:17','CHECK_NRPE: Socket timeout after 20 seconds.','Load Average',1,33),(238,'2013-03-06 23:32:18','CHECK_NRPE: Socket timeout after 20 seconds.','Processes',1,53),(239,'2013-03-06 23:32:26','PING CRITICAL - Packet loss = 100%','ping',1,53),(240,'2013-03-06 23:32:25','CHECK_NRPE: Socket timeout after 20 seconds.','Load Average',1,53),(241,'2013-03-06 23:32:16','CHECK_NRPE: Socket timeout after 20 seconds.','Processes',1,55),(242,'2013-03-06 23:32:16','CHECK_NRPE: Socket timeout after 20 seconds.','Free Memory',1,55),(243,'2013-03-06 23:32:19','PING CRITICAL - Packet loss = 100%','ping',1,55),(244,'2013-03-06 23:32:36','CHECK_NRPE: Socket timeout after 20 seconds.','Free Space All Disks',1,55),(245,'2013-03-06 23:32:16','CHECK_NRPE: Socket timeout after 20 seconds.','Load Average',1,55),(246,'2013-03-06 23:32:58','PING CRITICAL - Packet loss = 100%','ping',1,57),(247,'2013-03-06 23:32:50','CHECK_NRPE: Socket timeout after 20 seconds.','Load Average',1,57),(248,'2013-03-06 23:33:35','CHECK_NRPE: Socket timeout after 20 seconds.','Processes',1,3),(249,'2013-03-06 23:33:11','CHECK_NRPE: Socket timeout after 20 seconds.','Free Memory',1,3),(250,'2013-03-06 23:33:33','CHECK_NRPE: Socket timeout after 20 seconds.','Free Space All Disks',1,3),(251,'2013-03-06 23:33:38','CHECK_NRPE: Socket timeout after 20 seconds.','MySQL',1,3),(252,'2013-03-06 23:33:16','CHECK_NRPE: Socket timeout after 20 seconds.','Processes',1,13),(253,'2013-03-06 23:33:19','PING CRITICAL - Packet loss = 100%','ping',1,13),(254,'2013-03-06 23:33:16','CHECK_NRPE: Socket timeout after 20 seconds.','Free Memory',1,13),(255,'2013-03-06 23:32:57','CHECK_NRPE: Socket timeout after 20 seconds.','Free Space All Disks',1,13),(256,'2013-03-06 23:33:20','CRITICAL - Socket timeout after 10 seconds','SSH',1,13),(257,'2013-03-06 23:32:58','CHECK_NRPE: Socket timeout after 20 seconds.','MySQL',1,13),(258,'2013-03-06 23:32:58','CHECK_NRPE: Socket timeout after 20 seconds.','Load Average',1,13),(259,'2013-03-06 23:32:59','CHECK_NRPE: Socket timeout after 20 seconds.','Processes',1,16),(260,'2013-03-06 23:33:19','CHECK_NRPE: Socket timeout after 20 seconds.','Free Memory',1,16),(261,'2013-03-06 23:33:20','CHECK_NRPE: Socket timeout after 20 seconds.','Free Space All Disks',1,16),(262,'2013-03-06 23:33:50','CHECK_NRPE: Socket timeout after 20 seconds.','Load Average',1,16),(263,'2013-03-06 23:33:16','CHECK_NRPE: Socket timeout after 20 seconds.','Processes',1,23),(264,'2013-03-06 23:33:16','CHECK_NRPE: Socket timeout after 20 seconds.','Free Memory',1,23),(265,'2013-03-06 23:33:57','PING CRITICAL - Packet loss = 100%','ping',1,23),(266,'2013-03-06 23:32:57','CHECK_NRPE: Socket timeout after 20 seconds.','Free Space All Disks',1,23),(267,'2013-03-06 23:32:58','CHECK_NRPE: Socket timeout after 20 seconds.','Load Average',1,23),(268,'2013-03-06 23:33:01','CHECK_NRPE: Socket timeout after 20 seconds.','Processes',1,26),(269,'2013-03-06 23:32:57','CHECK_NRPE: Socket timeout after 20 seconds.','Free Memory',1,26),(270,'2013-03-06 23:32:57','CHECK_NRPE: Socket timeout after 20 seconds.','Free Space All Disks',1,26),(271,'2013-03-06 23:33:03','CRITICAL - Socket timeout after 10 seconds','SSH',1,26),(272,'2013-03-06 23:32:58','CHECK_NRPE: Socket timeout after 20 seconds.','Load Average',1,26),(273,'2013-03-06 23:33:11','PING CRITICAL - Packet loss = 100%','ping',1,29),(274,'2013-03-06 23:33:12','CHECK_NRPE: Socket timeout after 20 seconds.','Free Memory',1,29),(275,'2013-03-06 23:33:16','CHECK_NRPE: Socket timeout after 20 seconds.','Free Space All Disks',1,29),(276,'2013-03-06 23:32:58','CHECK_NRPE: Socket timeout after 20 seconds.','Load Average',1,29),(277,'2013-03-06 23:32:59','CHECK_NRPE: Socket timeout after 20 seconds.','Processes',1,32),(278,'2013-03-06 23:33:43','CHECK_NRPE: Socket timeout after 20 seconds.','Free Memory',1,32),(279,'2013-03-06 23:33:11','PING CRITICAL - Packet loss = 100%','ping',1,32),(280,'2013-03-06 23:33:21','CHECK_NRPE: Socket timeout after 20 seconds.','Free Space All Disks',1,32),(281,'2013-03-06 23:33:58','CRITICAL - Socket timeout after 10 seconds','SSH',1,32),(282,'2013-03-06 23:33:16','CHECK_NRPE: Socket timeout after 20 seconds.','Load Average',1,32),(283,'2013-03-06 23:33:35','CHECK_NRPE: Socket timeout after 20 seconds.','Processes',1,33),(284,'2013-03-06 23:33:18','CHECK_NRPE: Socket timeout after 20 seconds.','Free Memory',1,33),(285,'2013-03-06 23:33:26','PING CRITICAL - Packet loss = 100%','ping',1,33),(286,'2013-03-06 23:33:25','CHECK_NRPE: Socket timeout after 20 seconds.','Free Space All Disks',1,33),(287,'2013-03-06 23:33:58','CRITICAL - Socket timeout after 10 seconds','SSH',1,33),(288,'2013-03-06 23:33:17','CHECK_NRPE: Socket timeout after 20 seconds.','Load Average',1,33),(289,'2013-03-06 23:33:18','CHECK_NRPE: Socket timeout after 20 seconds.','Processes',1,53),(290,'2013-03-06 23:33:26','PING CRITICAL - Packet loss = 100%','ping',1,53),(291,'2013-03-06 23:33:25','CHECK_NRPE: Socket timeout after 20 seconds.','Load Average',1,53),(292,'2013-03-06 23:33:16','CHECK_NRPE: Socket timeout after 20 seconds.','Processes',1,55),(293,'2013-03-06 23:33:16','CHECK_NRPE: Socket timeout after 20 seconds.','Free Memory',1,55),(294,'2013-03-06 23:33:19','PING CRITICAL - Packet loss = 100%','ping',1,55),(295,'2013-03-06 23:33:36','CHECK_NRPE: Socket timeout after 20 seconds.','Free Space All Disks',1,55),(296,'2013-03-06 23:33:16','CHECK_NRPE: Socket timeout after 20 seconds.','Load Average',1,55),(297,'2013-03-06 23:33:18','CHECK_NRPE: Socket timeout after 20 seconds.','Processes',1,57),(298,'2013-03-06 23:32:58','CHECK_NRPE: Socket timeout after 20 seconds.','Free Memory',1,57),(299,'2013-03-06 23:33:58','PING CRITICAL - Packet loss = 100%','ping',1,57),(300,'2013-03-06 23:33:12','CHECK_NRPE: Socket timeout after 20 seconds.','Free Space All Disks',1,57),(301,'2013-03-06 23:33:16','CRITICAL - Socket timeout after 10 seconds','SSH',1,57),(302,'2013-03-06 23:33:50','CHECK_NRPE: Socket timeout after 20 seconds.','Load Average',1,57),(303,'2013-03-06 23:34:35','CHECK_NRPE: Socket timeout after 20 seconds.','Processes',1,3),(304,'2013-03-06 23:34:11','CHECK_NRPE: Socket timeout after 20 seconds.','Free Memory',1,3),(305,'2013-03-06 23:34:33','CHECK_NRPE: Socket timeout after 20 seconds.','Free Space All Disks',1,3),(306,'2013-03-06 23:34:38','CHECK_NRPE: Socket timeout after 20 seconds.','MySQL',1,3),(307,'2013-03-06 23:34:16','CHECK_NRPE: Socket timeout after 20 seconds.','Processes',1,13),(308,'2013-03-06 23:34:19','PING CRITICAL - Packet loss = 100%','ping',1,13),(309,'2013-03-06 23:34:16','CHECK_NRPE: Socket timeout after 20 seconds.','Free Memory',1,13),(310,'2013-03-06 23:33:57','CHECK_NRPE: Socket timeout after 20 seconds.','Free Space All Disks',1,13),(311,'2013-03-06 23:34:20','CRITICAL - Socket timeout after 10 seconds','SSH',1,13),(312,'2013-03-06 23:33:58','CHECK_NRPE: Socket timeout after 20 seconds.','MySQL',1,13),(313,'2013-03-06 23:33:58','CHECK_NRPE: Socket timeout after 20 seconds.','Load Average',1,13),(314,'2013-03-06 23:33:59','CHECK_NRPE: Socket timeout after 20 seconds.','Processes',1,16),(315,'2013-03-06 23:34:19','CHECK_NRPE: Socket timeout after 20 seconds.','Free Memory',1,16),(316,'2013-03-06 23:34:20','CHECK_NRPE: Socket timeout after 20 seconds.','Free Space All Disks',1,16),(317,'2013-03-06 23:34:50','CHECK_NRPE: Socket timeout after 20 seconds.','Load Average',1,16),(318,'2013-03-06 23:34:16','CHECK_NRPE: Socket timeout after 20 seconds.','Processes',1,23),(319,'2013-03-06 23:34:16','CHECK_NRPE: Socket timeout after 20 seconds.','Free Memory',1,23),(320,'2013-03-06 23:34:57','PING CRITICAL - Packet loss = 100%','ping',1,23),(321,'2013-03-06 23:33:57','CHECK_NRPE: Socket timeout after 20 seconds.','Free Space All Disks',1,23),(322,'2013-03-06 23:33:58','CHECK_NRPE: Socket timeout after 20 seconds.','Load Average',1,23),(323,'2013-03-06 23:34:01','CHECK_NRPE: Socket timeout after 20 seconds.','Processes',1,26),(324,'2013-03-06 23:33:57','CHECK_NRPE: Socket timeout after 20 seconds.','Free Memory',1,26),(325,'2013-03-06 23:33:57','CHECK_NRPE: Socket timeout after 20 seconds.','Free Space All Disks',1,26),(326,'2013-03-06 23:34:03','CRITICAL - Socket timeout after 10 seconds','SSH',1,26),(327,'2013-03-06 23:33:58','CHECK_NRPE: Socket timeout after 20 seconds.','Load Average',1,26),(328,'2013-03-06 23:34:11','PING CRITICAL - Packet loss = 100%','ping',1,29),(329,'2013-03-06 23:34:12','CHECK_NRPE: Socket timeout after 20 seconds.','Free Memory',1,29),(330,'2013-03-06 23:34:16','CHECK_NRPE: Socket timeout after 20 seconds.','Free Space All Disks',1,29),(331,'2013-03-06 23:33:58','CHECK_NRPE: Socket timeout after 20 seconds.','Load Average',1,29),(332,'2013-03-06 23:33:59','CHECK_NRPE: Socket timeout after 20 seconds.','Processes',1,32),(333,'2013-03-06 23:34:43','CHECK_NRPE: Socket timeout after 20 seconds.','Free Memory',1,32),(334,'2013-03-06 23:34:11','PING CRITICAL - Packet loss = 100%','ping',1,32),(335,'2013-03-06 23:34:21','CHECK_NRPE: Socket timeout after 20 seconds.','Free Space All Disks',1,32),(336,'2013-03-06 23:34:58','CRITICAL - Socket timeout after 10 seconds','SSH',1,32),(337,'2013-03-06 23:34:16','CHECK_NRPE: Socket timeout after 20 seconds.','Load Average',1,32),(338,'2013-03-06 23:34:35','CHECK_NRPE: Socket timeout after 20 seconds.','Processes',1,33),(339,'2013-03-06 23:34:18','CHECK_NRPE: Socket timeout after 20 seconds.','Free Memory',1,33),(340,'2013-03-06 23:34:26','PING CRITICAL - Packet loss = 100%','ping',1,33),(341,'2013-03-06 23:34:25','CHECK_NRPE: Socket timeout after 20 seconds.','Free Space All Disks',1,33),(342,'2013-03-06 23:34:58','CRITICAL - Socket timeout after 10 seconds','SSH',1,33),(343,'2013-03-06 23:34:17','CHECK_NRPE: Socket timeout after 20 seconds.','Load Average',1,33),(344,'2013-03-06 23:34:18','CHECK_NRPE: Socket timeout after 20 seconds.','Processes',1,53),(345,'2013-03-06 23:34:26','PING CRITICAL - Packet loss = 100%','ping',1,53),(346,'2013-03-06 23:34:25','CHECK_NRPE: Socket timeout after 20 seconds.','Load Average',1,53),(347,'2013-03-06 23:34:16','CHECK_NRPE: Socket timeout after 20 seconds.','Processes',1,55),(348,'2013-03-06 23:34:16','CHECK_NRPE: Socket timeout after 20 seconds.','Free Memory',1,55),(349,'2013-03-06 23:34:19','PING CRITICAL - Packet loss = 100%','ping',1,55),(350,'2013-03-06 23:34:36','CHECK_NRPE: Socket timeout after 20 seconds.','Free Space All Disks',1,55),(351,'2013-03-06 23:34:16','CHECK_NRPE: Socket timeout after 20 seconds.','Load Average',1,55),(352,'2013-03-06 23:34:18','CHECK_NRPE: Socket timeout after 20 seconds.','Processes',1,57),(353,'2013-03-06 23:33:58','CHECK_NRPE: Socket timeout after 20 seconds.','Free Memory',1,57),(354,'2013-03-06 23:34:58','PING CRITICAL - Packet loss = 100%','ping',1,57),(355,'2013-03-06 23:34:12','CHECK_NRPE: Socket timeout after 20 seconds.','Free Space All Disks',1,57),(356,'2013-03-06 23:34:16','CRITICAL - Socket timeout after 10 seconds','SSH',1,57),(357,'2013-03-06 23:34:50','CHECK_NRPE: Socket timeout after 20 seconds.','Load Average',1,57),(358,'2013-03-06 23:35:35','CHECK_NRPE: Socket timeout after 20 seconds.','Processes',1,3),(359,'2013-03-06 23:35:11','CHECK_NRPE: Socket timeout after 20 seconds.','Free Memory',1,3),(360,'2013-03-06 23:35:33','CHECK_NRPE: Socket timeout after 20 seconds.','Free Space All Disks',1,3),(361,'2013-03-06 23:35:38','CHECK_NRPE: Socket timeout after 20 seconds.','MySQL',1,3),(362,'2013-03-06 23:35:16','CHECK_NRPE: Socket timeout after 20 seconds.','Processes',1,13),(363,'2013-03-06 23:35:19','PING CRITICAL - Packet loss = 100%','ping',1,13),(364,'2013-03-06 23:35:16','CHECK_NRPE: Socket timeout after 20 seconds.','Free Memory',1,13),(365,'2013-03-06 23:34:57','CHECK_NRPE: Socket timeout after 20 seconds.','Free Space All Disks',1,13),(366,'2013-03-06 23:35:20','CRITICAL - Socket timeout after 10 seconds','SSH',1,13),(367,'2013-03-06 23:34:58','CHECK_NRPE: Socket timeout after 20 seconds.','MySQL',1,13),(368,'2013-03-06 23:34:58','CHECK_NRPE: Socket timeout after 20 seconds.','Load Average',1,13),(369,'2013-03-06 23:34:59','CHECK_NRPE: Socket timeout after 20 seconds.','Processes',1,16),(370,'2013-03-06 23:35:19','CHECK_NRPE: Socket timeout after 20 seconds.','Free Memory',1,16),(371,'2013-03-06 23:35:20','CHECK_NRPE: Socket timeout after 20 seconds.','Free Space All Disks',1,16),(372,'2013-03-06 23:35:50','CHECK_NRPE: Socket timeout after 20 seconds.','Load Average',1,16),(373,'2013-03-06 23:35:16','CHECK_NRPE: Socket timeout after 20 seconds.','Processes',1,23),(374,'2013-03-06 23:35:16','CHECK_NRPE: Socket timeout after 20 seconds.','Free Memory',1,23),(375,'2013-03-06 23:35:57','PING CRITICAL - Packet loss = 100%','ping',1,23),(376,'2013-03-06 23:34:57','CHECK_NRPE: Socket timeout after 20 seconds.','Free Space All Disks',1,23),(377,'2013-03-06 23:34:58','CHECK_NRPE: Socket timeout after 20 seconds.','Load Average',1,23),(378,'2013-03-06 23:35:01','CHECK_NRPE: Socket timeout after 20 seconds.','Processes',1,26),(379,'2013-03-06 23:34:57','CHECK_NRPE: Socket timeout after 20 seconds.','Free Memory',1,26),(380,'2013-03-06 23:34:57','CHECK_NRPE: Socket timeout after 20 seconds.','Free Space All Disks',1,26),(381,'2013-03-06 23:35:03','CRITICAL - Socket timeout after 10 seconds','SSH',1,26),(382,'2013-03-06 23:34:58','CHECK_NRPE: Socket timeout after 20 seconds.','Load Average',1,26),(383,'2013-03-06 23:35:11','PING CRITICAL - Packet loss = 100%','ping',1,29),(384,'2013-03-06 23:35:12','CHECK_NRPE: Socket timeout after 20 seconds.','Free Memory',1,29),(385,'2013-03-06 23:35:16','CHECK_NRPE: Socket timeout after 20 seconds.','Free Space All Disks',1,29),(386,'2013-03-06 23:34:58','CHECK_NRPE: Socket timeout after 20 seconds.','Load Average',1,29),(387,'2013-03-06 23:34:59','CHECK_NRPE: Socket timeout after 20 seconds.','Processes',1,32),(388,'2013-03-06 23:35:43','CHECK_NRPE: Socket timeout after 20 seconds.','Free Memory',1,32),(389,'2013-03-06 23:35:11','PING CRITICAL - Packet loss = 100%','ping',1,32),(390,'2013-03-06 23:35:21','CHECK_NRPE: Socket timeout after 20 seconds.','Free Space All Disks',1,32),(391,'2013-03-06 23:35:58','CRITICAL - Socket timeout after 10 seconds','SSH',1,32),(392,'2013-03-06 23:35:16','CHECK_NRPE: Socket timeout after 20 seconds.','Load Average',1,32),(393,'2013-03-06 23:35:35','CHECK_NRPE: Socket timeout after 20 seconds.','Processes',1,33),(394,'2013-03-06 23:35:18','CHECK_NRPE: Socket timeout after 20 seconds.','Free Memory',1,33),(395,'2013-03-06 23:35:26','PING CRITICAL - Packet loss = 100%','ping',1,33),(396,'2013-03-06 23:35:25','CHECK_NRPE: Socket timeout after 20 seconds.','Free Space All Disks',1,33),(397,'2013-03-06 23:35:58','CRITICAL - Socket timeout after 10 seconds','SSH',1,33),(398,'2013-03-06 23:35:17','CHECK_NRPE: Socket timeout after 20 seconds.','Load Average',1,33),(399,'2013-03-06 23:35:18','CHECK_NRPE: Socket timeout after 20 seconds.','Processes',1,53),(400,'2013-03-06 23:35:26','PING CRITICAL - Packet loss = 100%','ping',1,53),(401,'2013-03-06 23:35:25','CHECK_NRPE: Socket timeout after 20 seconds.','Load Average',1,53),(402,'2013-03-06 23:35:16','CHECK_NRPE: Socket timeout after 20 seconds.','Processes',1,55),(403,'2013-03-06 23:35:16','CHECK_NRPE: Socket timeout after 20 seconds.','Free Memory',1,55),(404,'2013-03-06 23:35:19','PING CRITICAL - Packet loss = 100%','ping',1,55),(405,'2013-03-06 23:35:36','CHECK_NRPE: Socket timeout after 20 seconds.','Free Space All Disks',1,55),(406,'2013-03-06 23:35:16','CHECK_NRPE: Socket timeout after 20 seconds.','Load Average',1,55),(407,'2013-03-06 23:35:18','CHECK_NRPE: Socket timeout after 20 seconds.','Processes',1,57),(408,'2013-03-06 23:34:58','CHECK_NRPE: Socket timeout after 20 seconds.','Free Memory',1,57),(409,'2013-03-06 23:35:58','PING CRITICAL - Packet loss = 100%','ping',1,57),(410,'2013-03-06 23:35:12','CHECK_NRPE: Socket timeout after 20 seconds.','Free Space All Disks',1,57),(411,'2013-03-06 23:35:16','CRITICAL - Socket timeout after 10 seconds','SSH',1,57),(412,'2013-03-06 23:35:50','CHECK_NRPE: Socket timeout after 20 seconds.','Load Average',1,57),(413,'2013-03-06 23:36:35','CHECK_NRPE: Socket timeout after 20 seconds.','Processes',1,3),(414,'2013-03-06 23:36:11','CHECK_NRPE: Socket timeout after 20 seconds.','Free Memory',1,3),(415,'2013-03-06 23:36:33','CHECK_NRPE: Socket timeout after 20 seconds.','Free Space All Disks',1,3),(416,'2013-03-06 23:36:38','CHECK_NRPE: Socket timeout after 20 seconds.','MySQL',1,3),(417,'2013-03-06 23:36:16','CHECK_NRPE: Socket timeout after 20 seconds.','Processes',1,13),(418,'2013-03-06 23:36:19','PING CRITICAL - Packet loss = 100%','ping',1,13),(419,'2013-03-06 23:36:16','CHECK_NRPE: Socket timeout after 20 seconds.','Free Memory',1,13),(420,'2013-03-06 23:35:57','CHECK_NRPE: Socket timeout after 20 seconds.','Free Space All Disks',1,13),(421,'2013-03-06 23:36:20','CRITICAL - Socket timeout after 10 seconds','SSH',1,13),(422,'2013-03-06 23:35:58','CHECK_NRPE: Socket timeout after 20 seconds.','MySQL',1,13),(423,'2013-03-06 23:35:58','CHECK_NRPE: Socket timeout after 20 seconds.','Load Average',1,13),(424,'2013-03-06 23:36:16','CHECK_NRPE: Socket timeout after 20 seconds.','Processes',1,23),(425,'2013-03-06 23:36:16','CHECK_NRPE: Socket timeout after 20 seconds.','Free Memory',1,23),(426,'2013-03-06 23:36:57','PING CRITICAL - Packet loss = 100%','ping',1,23),(427,'2013-03-06 23:35:57','CHECK_NRPE: Socket timeout after 20 seconds.','Free Space All Disks',1,23),(428,'2013-03-06 23:35:58','CHECK_NRPE: Socket timeout after 20 seconds.','Load Average',1,23),(429,'2013-03-06 23:36:01','CHECK_NRPE: Socket timeout after 20 seconds.','Processes',1,26),(430,'2013-03-06 23:35:57','CHECK_NRPE: Socket timeout after 20 seconds.','Free Memory',1,26),(431,'2013-03-06 23:35:57','CHECK_NRPE: Socket timeout after 20 seconds.','Free Space All Disks',1,26),(432,'2013-03-06 23:37:03','CRITICAL - Socket timeout after 10 seconds','SSH',1,26),(433,'2013-03-06 23:35:58','CHECK_NRPE: Socket timeout after 20 seconds.','Load Average',1,26),(434,'2013-03-06 23:36:11','PING CRITICAL - Packet loss = 100%','ping',1,29),(435,'2013-03-06 23:36:12','CHECK_NRPE: Socket timeout after 20 seconds.','Free Memory',1,29),(436,'2013-03-06 23:36:16','CHECK_NRPE: Socket timeout after 20 seconds.','Free Space All Disks',1,29),(437,'2013-03-06 23:35:58','CHECK_NRPE: Socket timeout after 20 seconds.','Load Average',1,29),(438,'2013-03-06 23:35:59','CHECK_NRPE: Socket timeout after 20 seconds.','Processes',1,32),(439,'2013-03-06 23:36:43','CHECK_NRPE: Socket timeout after 20 seconds.','Free Memory',1,32),(440,'2013-03-06 23:36:11','PING CRITICAL - Packet loss = 100%','ping',1,32),(441,'2013-03-06 23:36:21','CHECK_NRPE: Socket timeout after 20 seconds.','Free Space All Disks',1,32),(442,'2013-03-06 23:36:58','CRITICAL - Socket timeout after 10 seconds','SSH',1,32),(443,'2013-03-06 23:36:16','CHECK_NRPE: Socket timeout after 20 seconds.','Load Average',1,32),(444,'2013-03-06 23:36:35','CHECK_NRPE: Socket timeout after 20 seconds.','Processes',1,33),(445,'2013-03-06 23:36:18','CHECK_NRPE: Socket timeout after 20 seconds.','Free Memory',1,33),(446,'2013-03-06 23:36:26','PING CRITICAL - Packet loss = 100%','ping',1,33),(447,'2013-03-06 23:36:25','CHECK_NRPE: Socket timeout after 20 seconds.','Free Space All Disks',1,33),(448,'2013-03-06 23:36:58','CRITICAL - Socket timeout after 10 seconds','SSH',1,33),(449,'2013-03-06 23:36:17','CHECK_NRPE: Socket timeout after 20 seconds.','Load Average',1,33),(450,'2013-03-06 23:36:18','CHECK_NRPE: Socket timeout after 20 seconds.','Processes',1,53),(451,'2013-03-06 23:36:26','PING CRITICAL - Packet loss = 100%','ping',1,53),(452,'2013-03-06 23:36:25','CHECK_NRPE: Socket timeout after 20 seconds.','Load Average',1,53),(453,'2013-03-06 23:36:16','CHECK_NRPE: Socket timeout after 20 seconds.','Processes',1,55),(454,'2013-03-06 23:36:16','CHECK_NRPE: Socket timeout after 20 seconds.','Free Memory',1,55),(455,'2013-03-06 23:36:19','PING CRITICAL - Packet loss = 100%','ping',1,55),(456,'2013-03-06 23:36:36','CHECK_NRPE: Socket timeout after 20 seconds.','Free Space All Disks',1,55),(457,'2013-03-06 23:36:16','CHECK_NRPE: Socket timeout after 20 seconds.','Load Average',1,55),(458,'2013-03-06 23:36:18','CHECK_NRPE: Socket timeout after 20 seconds.','Processes',1,57),(459,'2013-03-06 23:35:58','CHECK_NRPE: Socket timeout after 20 seconds.','Free Memory',1,57),(460,'2013-03-06 23:36:58','PING CRITICAL - Packet loss = 100%','ping',1,57),(461,'2013-03-06 23:36:12','CHECK_NRPE: Socket timeout after 20 seconds.','Free Space All Disks',1,57),(462,'2013-03-06 23:36:16','CRITICAL - Socket timeout after 10 seconds','SSH',1,57),(463,'2013-03-06 23:36:50','CHECK_NRPE: Socket timeout after 20 seconds.','Load Average',1,57),(464,'2013-03-06 23:37:35','CHECK_NRPE: Socket timeout after 20 seconds.','Processes',1,3),(465,'2013-03-06 23:37:11','CHECK_NRPE: Socket timeout after 20 seconds.','Free Memory',1,3),(466,'2013-03-06 23:37:33','CHECK_NRPE: Socket timeout after 20 seconds.','Free Space All Disks',1,3),(467,'2013-03-06 23:37:38','CHECK_NRPE: Socket timeout after 20 seconds.','MySQL',1,3),(468,'2013-03-06 23:37:16','CHECK_NRPE: Socket timeout after 20 seconds.','Processes',1,13),(469,'2013-03-06 23:37:19','PING CRITICAL - Packet loss = 100%','ping',1,13),(470,'2013-03-06 23:37:16','CHECK_NRPE: Socket timeout after 20 seconds.','Free Memory',1,13),(471,'2013-03-06 23:36:57','CHECK_NRPE: Socket timeout after 20 seconds.','Free Space All Disks',1,13),(472,'2013-03-06 23:37:20','CRITICAL - Socket timeout after 10 seconds','SSH',1,13),(473,'2013-03-06 23:36:58','CHECK_NRPE: Socket timeout after 20 seconds.','MySQL',1,13),(474,'2013-03-06 23:36:58','CHECK_NRPE: Socket timeout after 20 seconds.','Load Average',1,13),(475,'2013-03-06 23:37:01','CHECK_NRPE: Socket timeout after 20 seconds.','Processes',1,26),(476,'2013-03-06 23:36:57','CHECK_NRPE: Socket timeout after 20 seconds.','Free Memory',1,26),(477,'2013-03-06 23:36:57','CHECK_NRPE: Socket timeout after 20 seconds.','Free Space All Disks',1,26),(478,'2013-03-06 23:36:58','CHECK_NRPE: Socket timeout after 20 seconds.','Load Average',1,26),(479,'2013-03-06 23:37:11','PING CRITICAL - Packet loss = 100%','ping',1,29),(480,'2013-03-06 23:37:12','CHECK_NRPE: Socket timeout after 20 seconds.','Free Memory',1,29),(481,'2013-03-06 23:37:16','CHECK_NRPE: Socket timeout after 20 seconds.','Free Space All Disks',1,29),(482,'2013-03-06 23:36:58','CHECK_NRPE: Socket timeout after 20 seconds.','Load Average',1,29),(483,'2013-03-06 23:37:35','CHECK_NRPE: Socket timeout after 20 seconds.','Processes',1,33),(484,'2013-03-06 23:37:18','CHECK_NRPE: Socket timeout after 20 seconds.','Free Memory',1,33),(485,'2013-03-06 23:37:26','PING CRITICAL - Packet loss = 100%','ping',1,33),(486,'2013-03-06 23:37:25','CHECK_NRPE: Socket timeout after 20 seconds.','Free Space All Disks',1,33),(487,'2013-03-06 23:37:58','CRITICAL - Socket timeout after 10 seconds','SSH',1,33),(488,'2013-03-06 23:37:17','CHECK_NRPE: Socket timeout after 20 seconds.','Load Average',1,33),(489,'2013-03-06 23:37:18','CHECK_NRPE: Socket timeout after 20 seconds.','Processes',1,53),(490,'2013-03-06 23:37:26','PING CRITICAL - Packet loss = 100%','ping',1,53),(491,'2013-03-06 23:37:25','CHECK_NRPE: Socket timeout after 20 seconds.','Load Average',1,53),(492,'2013-03-06 23:37:16','CHECK_NRPE: Socket timeout after 20 seconds.','Processes',1,55),(493,'2013-03-06 23:37:16','CHECK_NRPE: Socket timeout after 20 seconds.','Free Memory',1,55),(494,'2013-03-06 23:37:19','PING CRITICAL - Packet loss = 100%','ping',1,55),(495,'2013-03-06 23:37:36','CHECK_NRPE: Socket timeout after 20 seconds.','Free Space All Disks',1,55),(496,'2013-03-06 23:37:16','CHECK_NRPE: Socket timeout after 20 seconds.','Load Average',1,55),(497,'2013-03-06 23:37:18','CHECK_NRPE: Socket timeout after 20 seconds.','Processes',1,57),(498,'2013-03-06 23:36:58','CHECK_NRPE: Socket timeout after 20 seconds.','Free Memory',1,57),(499,'2013-03-06 23:37:58','PING CRITICAL - Packet loss = 100%','ping',1,57),(500,'2013-03-06 23:37:12','CHECK_NRPE: Socket timeout after 20 seconds.','Free Space All Disks',1,57),(501,'2013-03-06 23:37:16','CRITICAL - Socket timeout after 10 seconds','SSH',1,57),(502,'2013-03-06 23:37:50','CHECK_NRPE: Socket timeout after 20 seconds.','Load Average',1,57),(503,'2013-03-06 23:38:35','CHECK_NRPE: Socket timeout after 20 seconds.','Processes',1,3),(504,'2013-03-06 23:38:11','CHECK_NRPE: Socket timeout after 20 seconds.','Free Memory',1,3),(505,'2013-03-06 23:38:33','CHECK_NRPE: Socket timeout after 20 seconds.','Free Space All Disks',1,3),(506,'2013-03-06 23:38:38','CHECK_NRPE: Socket timeout after 20 seconds.','MySQL',1,3),(507,'2013-03-06 23:38:16','CHECK_NRPE: Socket timeout after 20 seconds.','Processes',1,13),(508,'2013-03-06 23:38:19','PING CRITICAL - Packet loss = 100%','ping',1,13),(509,'2013-03-06 23:38:16','CHECK_NRPE: Socket timeout after 20 seconds.','Free Memory',1,13),(510,'2013-03-06 23:37:57','CHECK_NRPE: Socket timeout after 20 seconds.','Free Space All Disks',1,13),(511,'2013-03-06 23:38:20','CRITICAL - Socket timeout after 10 seconds','SSH',1,13),(512,'2013-03-06 23:37:58','CHECK_NRPE: Socket timeout after 20 seconds.','MySQL',1,13),(513,'2013-03-06 23:37:58','CHECK_NRPE: Socket timeout after 20 seconds.','Load Average',1,13),(514,'2013-03-06 23:38:01','CHECK_NRPE: Socket timeout after 20 seconds.','Processes',1,26),(515,'2013-03-06 23:37:57','CHECK_NRPE: Socket timeout after 20 seconds.','Free Memory',1,26),(516,'2013-03-06 23:37:57','CHECK_NRPE: Socket timeout after 20 seconds.','Free Space All Disks',1,26),(517,'2013-03-06 23:38:03','CRITICAL - Socket timeout after 10 seconds','SSH',1,26),(518,'2013-03-06 23:37:58','CHECK_NRPE: Socket timeout after 20 seconds.','Load Average',1,26),(519,'2013-03-06 23:38:11','PING CRITICAL - Packet loss = 100%','ping',1,29),(520,'2013-03-06 23:38:12','CHECK_NRPE: Socket timeout after 20 seconds.','Free Memory',1,29),(521,'2013-03-06 23:38:16','CHECK_NRPE: Socket timeout after 20 seconds.','Free Space All Disks',1,29),(522,'2013-03-06 23:37:58','CHECK_NRPE: Socket timeout after 20 seconds.','Load Average',1,29),(523,'2013-03-06 23:38:35','CHECK_NRPE: Socket timeout after 20 seconds.','Processes',1,33),(524,'2013-03-06 23:38:18','CHECK_NRPE: Socket timeout after 20 seconds.','Free Memory',1,33),(525,'2013-03-06 23:38:26','PING CRITICAL - Packet loss = 100%','ping',1,33),(526,'2013-03-06 23:38:25','CHECK_NRPE: Socket timeout after 20 seconds.','Free Space All Disks',1,33),(527,'2013-03-06 23:38:58','CRITICAL - Socket timeout after 10 seconds','SSH',1,33),(528,'2013-03-06 23:38:17','CHECK_NRPE: Socket timeout after 20 seconds.','Load Average',1,33),(529,'2013-03-06 23:38:16','CHECK_NRPE: Socket timeout after 20 seconds.','Processes',1,55),(530,'2013-03-06 23:38:16','CHECK_NRPE: Socket timeout after 20 seconds.','Free Memory',1,55),(531,'2013-03-06 23:38:19','PING CRITICAL - Packet loss = 100%','ping',1,55),(532,'2013-03-06 23:38:36','CHECK_NRPE: Socket timeout after 20 seconds.','Free Space All Disks',1,55),(533,'2013-03-06 23:38:16','CHECK_NRPE: Socket timeout after 20 seconds.','Load Average',1,55),(534,'2013-03-06 23:38:18','CHECK_NRPE: Socket timeout after 20 seconds.','Processes',1,57),(535,'2013-03-06 23:37:58','CHECK_NRPE: Socket timeout after 20 seconds.','Free Memory',1,57),(536,'2013-03-06 23:38:58','PING CRITICAL - Packet loss = 100%','ping',1,57),(537,'2013-03-06 23:38:12','CHECK_NRPE: Socket timeout after 20 seconds.','Free Space All Disks',1,57),(538,'2013-03-06 23:38:16','CRITICAL - Socket timeout after 10 seconds','SSH',1,57),(539,'2013-03-06 23:38:50','CHECK_NRPE: Socket timeout after 20 seconds.','Load Average',1,57),(540,'2013-03-06 23:39:35','CHECK_NRPE: Socket timeout after 20 seconds.','Processes',1,3),(541,'2013-03-06 23:39:11','CHECK_NRPE: Socket timeout after 20 seconds.','Free Memory',1,3),(542,'2013-03-06 23:39:33','CHECK_NRPE: Socket timeout after 20 seconds.','Free Space All Disks',1,3),(543,'2013-03-06 23:39:38','CHECK_NRPE: Socket timeout after 20 seconds.','MySQL',1,3),(544,'2013-03-06 23:39:01','CHECK_NRPE: Socket timeout after 20 seconds.','Processes',1,26),(545,'2013-03-06 23:38:57','CHECK_NRPE: Socket timeout after 20 seconds.','Free Memory',1,26),(546,'2013-03-06 23:38:57','CHECK_NRPE: Socket timeout after 20 seconds.','Free Space All Disks',1,26),(547,'2013-03-06 23:39:03','CRITICAL - Socket timeout after 10 seconds','SSH',1,26),(548,'2013-03-06 23:38:58','CHECK_NRPE: Socket timeout after 20 seconds.','Load Average',1,26),(549,'2013-03-06 23:39:11','PING CRITICAL - Packet loss = 100%','ping',1,29),(550,'2013-03-06 23:39:12','CHECK_NRPE: Socket timeout after 20 seconds.','Free Memory',1,29),(551,'2013-03-06 23:39:16','CHECK_NRPE: Socket timeout after 20 seconds.','Free Space All Disks',1,29),(552,'2013-03-06 23:38:58','CHECK_NRPE: Socket timeout after 20 seconds.','Load Average',1,29),(553,'2013-03-06 23:39:35','CHECK_NRPE: Socket timeout after 20 seconds.','Processes',1,33),(554,'2013-03-06 23:39:18','CHECK_NRPE: Socket timeout after 20 seconds.','Free Memory',1,33),(555,'2013-03-06 23:39:26','PING CRITICAL - Packet loss = 100%','ping',1,33),(556,'2013-03-06 23:39:25','CHECK_NRPE: Socket timeout after 20 seconds.','Free Space All Disks',1,33),(557,'2013-03-06 23:39:58','CRITICAL - Socket timeout after 10 seconds','SSH',1,33),(558,'2013-03-06 23:39:17','CHECK_NRPE: Socket timeout after 20 seconds.','Load Average',1,33),(559,'2013-03-06 23:39:16','CHECK_NRPE: Socket timeout after 20 seconds.','Processes',1,55),(560,'2013-03-06 23:39:16','CHECK_NRPE: Socket timeout after 20 seconds.','Free Memory',1,55),(561,'2013-03-06 23:39:19','PING CRITICAL - Packet loss = 100%','ping',1,55),(562,'2013-03-06 23:39:16','CHECK_NRPE: Socket timeout after 20 seconds.','Load Average',1,55),(563,'2013-03-06 23:39:18','CHECK_NRPE: Socket timeout after 20 seconds.','Processes',1,57),(564,'2013-03-06 23:38:58','CHECK_NRPE: Socket timeout after 20 seconds.','Free Memory',1,57),(565,'2013-03-06 23:39:58','PING CRITICAL - Packet loss = 100%','ping',1,57),(566,'2013-03-06 23:39:12','CHECK_NRPE: Socket timeout after 20 seconds.','Free Space All Disks',1,57),(567,'2013-03-06 23:39:16','CRITICAL - Socket timeout after 10 seconds','SSH',1,57),(568,'2013-03-06 23:39:50','CHECK_NRPE: Socket timeout after 20 seconds.','Load Average',1,57),(569,'2013-03-06 23:40:35','CHECK_NRPE: Socket timeout after 20 seconds.','Processes',1,3),(570,'2013-03-06 23:40:11','CHECK_NRPE: Socket timeout after 20 seconds.','Free Memory',1,3),(571,'2013-03-06 23:40:33','CHECK_NRPE: Socket timeout after 20 seconds.','Free Space All Disks',1,3),(572,'2013-03-06 23:40:38','CHECK_NRPE: Socket timeout after 20 seconds.','MySQL',1,3),(573,'2013-03-06 23:40:01','CHECK_NRPE: Socket timeout after 20 seconds.','Processes',1,26),(574,'2013-03-06 23:39:57','CHECK_NRPE: Socket timeout after 20 seconds.','Free Memory',1,26),(575,'2013-03-06 23:39:57','CHECK_NRPE: Socket timeout after 20 seconds.','Free Space All Disks',1,26),(576,'2013-03-06 23:40:03','CRITICAL - Socket timeout after 10 seconds','SSH',1,26),(577,'2013-03-06 23:39:58','CHECK_NRPE: Socket timeout after 20 seconds.','Load Average',1,26),(578,'2013-03-06 23:40:11','PING CRITICAL - Packet loss = 100%','ping',1,29),(579,'2013-03-06 23:40:12','CHECK_NRPE: Socket timeout after 20 seconds.','Free Memory',1,29),(580,'2013-03-06 23:40:16','CHECK_NRPE: Socket timeout after 20 seconds.','Free Space All Disks',1,29),(581,'2013-03-06 23:39:58','CHECK_NRPE: Socket timeout after 20 seconds.','Load Average',1,29),(582,'2013-03-06 23:40:35','CHECK_NRPE: Socket timeout after 20 seconds.','Processes',1,33),(583,'2013-03-06 23:40:18','CHECK_NRPE: Socket timeout after 20 seconds.','Free Memory',1,33),(584,'2013-03-06 23:40:26','PING CRITICAL - Packet loss = 100%','ping',1,33),(585,'2013-03-06 23:40:25','CHECK_NRPE: Socket timeout after 20 seconds.','Free Space All Disks',1,33),(586,'2013-03-06 23:40:58','CRITICAL - Socket timeout after 10 seconds','SSH',1,33),(587,'2013-03-06 23:40:17','CHECK_NRPE: Socket timeout after 20 seconds.','Load Average',1,33),(588,'2013-03-06 23:40:18','CHECK_NRPE: Socket timeout after 20 seconds.','Processes',1,57),(589,'2013-03-06 23:39:58','CHECK_NRPE: Socket timeout after 20 seconds.','Free Memory',1,57),(590,'2013-03-06 23:40:58','PING CRITICAL - Packet loss = 100%','ping',1,57),(591,'2013-03-06 23:40:12','CHECK_NRPE: Socket timeout after 20 seconds.','Free Space All Disks',1,57),(592,'2013-03-06 23:40:16','CRITICAL - Socket timeout after 10 seconds','SSH',1,57),(593,'2013-03-06 23:40:50','CHECK_NRPE: Socket timeout after 20 seconds.','Load Average',1,57),(594,'2013-03-06 23:41:35','CHECK_NRPE: Socket timeout after 20 seconds.','Processes',1,3),(595,'2013-03-06 23:41:11','CHECK_NRPE: Socket timeout after 20 seconds.','Free Memory',1,3),(596,'2013-03-06 23:41:33','CHECK_NRPE: Socket timeout after 20 seconds.','Free Space All Disks',1,3),(597,'2013-03-06 23:41:38','CHECK_NRPE: Socket timeout after 20 seconds.','MySQL',1,3),(598,'2013-03-06 23:41:01','CHECK_NRPE: Socket timeout after 20 seconds.','Processes',1,26),(599,'2013-03-06 23:40:57','CHECK_NRPE: Socket timeout after 20 seconds.','Free Memory',1,26),(600,'2013-03-06 23:40:57','CHECK_NRPE: Socket timeout after 20 seconds.','Free Space All Disks',1,26),(601,'2013-03-06 23:41:03','CRITICAL - Socket timeout after 10 seconds','SSH',1,26),(602,'2013-03-06 23:40:58','CHECK_NRPE: Socket timeout after 20 seconds.','Load Average',1,26),(603,'2013-03-06 23:41:11','PING CRITICAL - Packet loss = 100%','ping',1,29),(604,'2013-03-06 23:41:12','CHECK_NRPE: Socket timeout after 20 seconds.','Free Memory',1,29),(605,'2013-03-06 23:41:16','CHECK_NRPE: Socket timeout after 20 seconds.','Free Space All Disks',1,29),(606,'2013-03-06 23:40:58','CHECK_NRPE: Socket timeout after 20 seconds.','Load Average',1,29),(607,'2013-03-06 23:41:35','CHECK_NRPE: Socket timeout after 20 seconds.','Processes',1,33),(608,'2013-03-06 23:41:18','CHECK_NRPE: Socket timeout after 20 seconds.','Free Memory',1,33),(609,'2013-03-06 23:41:26','PING CRITICAL - Packet loss = 100%','ping',1,33),(610,'2013-03-06 23:41:25','CHECK_NRPE: Socket timeout after 20 seconds.','Free Space All Disks',1,33),(611,'2013-03-06 23:41:58','CRITICAL - Socket timeout after 10 seconds','SSH',1,33),(612,'2013-03-06 23:41:17','CHECK_NRPE: Socket timeout after 20 seconds.','Load Average',1,33),(613,'2013-03-06 23:41:18','CHECK_NRPE: Socket timeout after 20 seconds.','Processes',1,57),(614,'2013-03-06 23:40:58','CHECK_NRPE: Socket timeout after 20 seconds.','Free Memory',1,57),(615,'2013-03-06 23:41:58','PING CRITICAL - Packet loss = 100%','ping',1,57),(616,'2013-03-06 23:41:12','CHECK_NRPE: Socket timeout after 20 seconds.','Free Space All Disks',1,57),(617,'2013-03-06 23:41:16','CRITICAL - Socket timeout after 10 seconds','SSH',1,57),(618,'2013-03-06 23:41:50','CHECK_NRPE: Socket timeout after 20 seconds.','Load Average',1,57),(619,'2013-03-06 23:42:35','CHECK_NRPE: Socket timeout after 20 seconds.','Processes',1,3),(620,'2013-03-06 23:42:33','CHECK_NRPE: Socket timeout after 20 seconds.','Free Space All Disks',1,3),(621,'2013-03-06 23:42:38','CHECK_NRPE: Socket timeout after 20 seconds.','MySQL',1,3),(622,'2013-03-06 23:42:01','CHECK_NRPE: Socket timeout after 20 seconds.','Processes',1,26),(623,'2013-03-06 23:41:57','CHECK_NRPE: Socket timeout after 20 seconds.','Free Memory',1,26),(624,'2013-03-06 23:41:57','CHECK_NRPE: Socket timeout after 20 seconds.','Free Space All Disks',1,26),(625,'2013-03-06 23:42:03','CRITICAL - Socket timeout after 10 seconds','SSH',1,26),(626,'2013-03-06 23:41:58','CHECK_NRPE: Socket timeout after 20 seconds.','Load Average',1,26),(627,'2013-03-06 23:42:11','PING CRITICAL - Packet loss = 100%','ping',1,29),(628,'2013-03-06 23:42:12','CHECK_NRPE: Socket timeout after 20 seconds.','Free Memory',1,29),(629,'2013-03-06 23:42:16','CHECK_NRPE: Socket timeout after 20 seconds.','Free Space All Disks',1,29),(630,'2013-03-06 23:41:58','CHECK_NRPE: Socket timeout after 20 seconds.','Load Average',1,29),(631,'2013-03-06 23:42:35','CHECK_NRPE: Socket timeout after 20 seconds.','Processes',1,33),(632,'2013-03-06 23:42:18','CHECK_NRPE: Socket timeout after 20 seconds.','Free Memory',1,33),(633,'2013-03-06 23:42:26','PING CRITICAL - Packet loss = 100%','ping',1,33),(634,'2013-03-06 23:42:25','CHECK_NRPE: Socket timeout after 20 seconds.','Free Space All Disks',1,33),(635,'2013-03-06 23:42:58','CRITICAL - Socket timeout after 10 seconds','SSH',1,33),(636,'2013-03-06 23:42:17','CHECK_NRPE: Socket timeout after 20 seconds.','Load Average',1,33),(637,'2013-03-06 23:42:18','CHECK_NRPE: Socket timeout after 20 seconds.','Processes',1,57),(638,'2013-03-06 23:41:58','CHECK_NRPE: Socket timeout after 20 seconds.','Free Memory',1,57),(639,'2013-03-06 23:42:58','PING CRITICAL - Packet loss = 100%','ping',1,57),(640,'2013-03-06 23:42:12','CHECK_NRPE: Socket timeout after 20 seconds.','Free Space All Disks',1,57),(641,'2013-03-06 23:42:16','CRITICAL - Socket timeout after 10 seconds','SSH',1,57),(642,'2013-03-06 23:42:50','CHECK_NRPE: Socket timeout after 20 seconds.','Load Average',1,57),(643,'2013-03-06 23:43:01','CHECK_NRPE: Socket timeout after 20 seconds.','Processes',1,26),(644,'2013-03-06 23:43:03','CRITICAL - Socket timeout after 10 seconds','SSH',1,26),(645,'2013-03-06 23:42:58','CHECK_NRPE: Socket timeout after 20 seconds.','Load Average',1,26),(646,'2013-03-06 23:43:11','PING CRITICAL - Packet loss = 100%','ping',1,29),(647,'2013-03-06 23:43:16','CHECK_NRPE: Socket timeout after 20 seconds.','Free Space All Disks',1,29),(648,'2013-03-06 23:42:58','CHECK_NRPE: Socket timeout after 20 seconds.','Load Average',1,29),(649,'2013-03-06 23:43:18','CHECK_NRPE: Socket timeout after 20 seconds.','Processes',1,57),(650,'2013-03-06 23:43:58','PING WARNING - Packet loss = 28%, RTA = 147.54 ms','ping',1,57),(651,'2013-03-06 23:43:16','CRITICAL - Socket timeout after 10 seconds','SSH',1,57),(652,'2013-03-03 21:19:30','unconfirmed_down','ping',2,68),(653,'2013-02-12 10:34:14','unconfirmed_down','ping',2,1),(654,'0000-00-00 00:00:00','unconfirmed_down','ping',2,9),(655,'2012-08-26 11:48:17','unconfirmed_down','http',2,83),(657,'2013-03-04 22:39:13','DISK WARNING - free space: / 11013 MB (14% inode=78%): /dev 992 MB (99% inode=99%): /run 399 MB (99% inode=99%): /run/lock 5 MB (100% inode=99%): /run/shm 999 MB (100% inode=99%):','Free Space All Disks',1,25),(658,'2013-03-07 10:01:56','CRITICAL - Socket timeout after 10 seconds','SSH',1,25),(659,'2013-03-07 17:02:00','PING WARNING - Packet loss = 28%, RTA = 39.89 ms','ping',1,17),(660,'2013-03-07 17:02:00','PING WARNING - Packet loss = 28%, RTA = 38.17 ms','ping',1,18),(661,'2013-03-07 17:02:43','CHECK_NRPE: Socket timeout after 20 seconds.','Load Average',1,12),(662,'2013-03-07 17:32:58','DISK WARNING - free space: / 11757 MB (15% inode=79%): /dev 989 MB (99% inode=99%): /run 398 MB (99% inode=99%): /run/lock 5 MB (100% inode=99%): /run/shm 997 MB (100% inode=99%):','Free Space All Disks',1,49),(663,'2013-03-07 17:51:43','CHECK_NRPE: Socket timeout after 20 seconds.','Free Space All Disks',1,50),(664,'2013-03-07 17:51:44','CHECK_NRPE: Socket timeout after 20 seconds.','Load Average',1,50),(665,'2013-03-06 23:42:04','unconfirmed_down','ping',2,3),(666,'2013-03-07 20:00:14','CHECK_NRPE: Socket timeout after 20 seconds.','Free Space All Disks',1,50),(667,'2013-03-08 13:17:34','CHECK_NRPE: Socket timeout after 20 seconds.','Free Memory',1,22),(668,'2013-03-08 13:18:43','CHECK_NRPE: Socket timeout after 20 seconds.','Processes',1,22),(669,'2013-03-08 13:18:03','CHECK_NRPE: Socket timeout after 20 seconds.','Free Memory',1,22),(670,'2013-03-08 13:19:01','PING CRITICAL - Packet loss = 100%','ping',1,22),(671,'2013-03-08 13:18:26','CHECK_NRPE: Socket timeout after 20 seconds.','Free Space All Disks',1,22),(672,'2013-03-08 13:18:58','CRITICAL - Socket timeout after 10 seconds','SSH',1,22),(673,'2013-03-08 13:18:43','CHECK_NRPE: Socket timeout after 20 seconds.','Load Average',1,22),(674,'2013-03-08 13:19:43','CHECK_NRPE: Socket timeout after 20 seconds.','Processes',1,22),(675,'2013-03-08 13:19:03','CHECK_NRPE: Socket timeout after 20 seconds.','Free Memory',1,22),(676,'2013-03-08 13:18:53','CHECK_NRPE: Socket timeout after 20 seconds.','Free Space All Disks',1,22),(677,'2013-03-08 13:19:43','CHECK_NRPE: Socket timeout after 20 seconds.','Load Average',1,22),(678,'2013-03-08 13:19:53','CHECK_NRPE: Socket timeout after 20 seconds.','Free Space All Disks',1,22),(679,'2013-03-08 13:55:14','CHECK_NRPE: Socket timeout after 20 seconds.','Free Space All Disks',1,18),(680,'2013-03-08 13:55:14','CHECK_NRPE: Socket timeout after 20 seconds.','Free Space All Disks',1,50),(681,'2013-03-08 13:55:43','CHECK_NRPE: Socket timeout after 20 seconds.','Load Average',1,50),(682,'2013-03-08 13:57:04','PING WARNING - Packet loss = 37%, RTA = 38.16 ms','ping',1,2),(683,'2013-03-08 13:56:43','CHECK_NRPE: Socket timeout after 20 seconds.','Processes',1,18),(684,'2013-03-08 13:57:00','PING CRITICAL - Packet loss = 60%, RTA = 38.23 ms','ping',1,18),(685,'2013-03-08 13:56:57','PING CRITICAL - Packet loss = 60%, RTA = 40.29 ms','ping',1,40),(686,'2013-03-08 13:57:44','PING WARNING - Packet loss = 28%, RTA = 37.92 ms','ping',1,2),(687,'2013-03-08 13:57:44','PING WARNING - Packet loss = 28%, RTA = 39.33 ms','ping',1,12),(688,'2013-03-08 13:57:40','PING WARNING - Packet loss = 37%, RTA = 39.21 ms','ping',1,17),(689,'2013-03-08 13:57:43','CHECK_NRPE: Socket timeout after 20 seconds.','Free Memory',1,40),(690,'2013-03-08 13:57:17','PING WARNING - Packet loss = 28%, RTA = 39.77 ms','ping',1,40),(691,'2013-03-08 13:57:45','CHECK_NRPE: Socket timeout after 20 seconds.','Free Memory',1,41),(692,'2013-03-08 13:57:40','PING WARNING - Packet loss = 37%, RTA = 37.73 ms','ping',1,44),(693,'2013-03-08 13:57:43','CHECK_NRPE: Socket timeout after 20 seconds.','Free Space All Disks',1,44),(694,'2013-03-08 13:55:13','CHECK_NRPE: Socket timeout after 20 seconds.','Load Average',1,44),(695,'2013-03-08 14:00:33','CHECK_NRPE: Socket timeout after 20 seconds.','Free Memory',1,2),(696,'2013-03-03 21:19:30','unconfirmed_down','ping',2,68),(697,'2013-03-09 12:47:51','PING WARNING - Packet loss = 0%, RTA = 262.33 ms','ping',1,29),(698,'2012-08-26 11:48:17','unconfirmed_down','http',2,83),(699,'2013-03-03 21:19:30','unconfirmed_down','ping',2,68),(700,'2013-03-10 05:03:00','PING CRITICAL - Packet loss = 22%, RTA = 1545.78 ms','ping',1,25),(701,'2013-03-10 05:03:00','PING CRITICAL - Packet loss = 22%, RTA = 1544.14 ms','ping',1,49),(702,'2013-03-06 23:39:30','unconfirmed_down','ping',2,55),(703,'2013-02-27 06:45:00','unconfirmed_down','http',2,87),(704,'2013-03-10 18:25:13','PING WARNING - Packet loss = 33%, RTA = 48.32 ms','ping-a55-office-gateway',1,5),(705,'2013-01-24 15:31:41','unconfirmed_down','http',2,46),(706,'2013-02-04 22:30:12','unknown','ping',2,74),(707,'2013-03-11 00:07:54','down','http',2,69),(708,'2013-02-05 12:38:04','unconfirmed_down','http',2,69),(709,'2013-03-11 00:07:54','down','http',2,84),(710,'0000-00-00 00:00:00','unconfirmed_down','ping',2,46),(711,'2013-01-21 15:24:06','unconfirmed_down','tcp',2,46),(712,'2013-03-11 00:07:23','down','httpcustom',2,119),(713,'2013-03-11 00:07:43','CHECK_NRPE: Socket timeout after 20 seconds.','Processes',1,46),(714,'2013-03-11 00:07:43','CHECK_NRPE: Socket timeout after 20 seconds.','Free Memory',1,46),(715,'2013-03-11 00:07:40','PING CRITICAL - Packet loss = 100%','ping',1,46),(716,'2013-03-11 00:07:43','CHECK_NRPE: Socket timeout after 20 seconds.','Free Space All Disks',1,46),(717,'2013-03-11 00:07:58','CRITICAL - Socket timeout after 10 seconds','SSH',1,46),(718,'2013-03-11 00:07:43','CHECK_NRPE: Socket timeout after 20 seconds.','Load Average',1,46),(719,'2013-03-11 00:08:17','down','http',2,106),(720,'2013-03-11 00:08:07','down','ping',2,46),(721,'2013-03-11 00:08:22','down','http',2,46),(722,'2013-03-11 00:08:33','down','tcp',2,46),(723,'2013-03-11 00:08:43','CHECK_NRPE: Socket timeout after 20 seconds.','Processes',1,46),(724,'2013-03-11 00:08:43','CHECK_NRPE: Socket timeout after 20 seconds.','Free Memory',1,46),(725,'2013-03-11 00:08:40','PING CRITICAL - Packet loss = 100%','ping',1,46),(726,'2013-03-11 00:08:43','CHECK_NRPE: Socket timeout after 20 seconds.','Free Space All Disks',1,46),(727,'2013-03-11 00:08:58','CRITICAL - Socket timeout after 10 seconds','SSH',1,46),(728,'2013-03-11 00:08:43','CHECK_NRPE: Socket timeout after 20 seconds.','Load Average',1,46),(729,'2013-03-11 00:09:58','CRITICAL - Socket timeout after 10 seconds','SSH',1,46),(730,'2013-03-11 00:10:58','CRITICAL - Socket timeout after 10 seconds','SSH',1,46),(731,'2013-03-11 00:11:58','CRITICAL - Socket timeout after 10 seconds','SSH',1,46),(732,'2013-03-11 00:12:58','CRITICAL - Socket timeout after 10 seconds','SSH',1,46),(733,'2013-03-11 00:13:58','CRITICAL - Socket timeout after 10 seconds','SSH',1,46),(734,'2013-03-11 00:14:58','CRITICAL - Socket timeout after 10 seconds','SSH',1,46),(735,'2013-03-11 00:15:58','CRITICAL - Socket timeout after 10 seconds','SSH',1,46),(736,'2013-03-11 00:16:58','CRITICAL - Socket timeout after 10 seconds','SSH',1,46),(737,'2013-03-11 00:17:58','CRITICAL - Socket timeout after 10 seconds','SSH',1,46),(738,'2013-03-11 00:18:58','CRITICAL - Socket timeout after 10 seconds','SSH',1,46),(739,'2013-03-03 21:19:30','unconfirmed_down','ping',2,68),(740,'2013-03-11 00:19:58','CRITICAL - Socket timeout after 10 seconds','SSH',1,46),(741,'2013-03-11 00:20:58','CRITICAL - Socket timeout after 10 seconds','SSH',1,46),(742,'2013-03-11 00:21:50','down','http',2,106),(743,'2013-03-11 00:21:58','CRITICAL - Socket timeout after 10 seconds','SSH',1,46),(744,'2013-03-11 00:22:58','CRITICAL - Socket timeout after 10 seconds','SSH',1,46),(745,'2013-03-11 00:22:33','unconfirmed_down','tcp',2,46),(746,'2013-03-11 00:24:43','CHECK_NRPE: Socket timeout after 20 seconds.','Processes',1,46),(747,'2013-03-11 00:24:43','CHECK_NRPE: Socket timeout after 20 seconds.','Free Memory',1,46),(748,'2013-03-11 00:25:00','PING CRITICAL - Packet loss = 100%','ping',1,46),(749,'2013-03-11 00:24:43','CHECK_NRPE: Socket timeout after 20 seconds.','Free Space All Disks',1,46),(750,'2013-03-11 00:24:58','CRITICAL - Socket timeout after 10 seconds','SSH',1,46),(751,'2013-03-11 00:24:43','CHECK_NRPE: Socket timeout after 20 seconds.','Load Average',1,46),(752,'2013-03-11 00:25:59','down','http',2,106),(753,'2013-03-11 00:22:05','unconfirmed_down','ping',2,46),(754,'2013-03-11 00:25:22','down','http',2,46),(755,'2013-03-11 00:25:33','down','tcp',2,46),(756,'2013-03-11 00:25:43','CHECK_NRPE: Socket timeout after 20 seconds.','Processes',1,46),(757,'2013-03-11 00:25:43','CHECK_NRPE: Socket timeout after 20 seconds.','Free Memory',1,46),(758,'2013-03-11 00:26:00','PING CRITICAL - Packet loss = 100%','ping',1,46),(759,'2013-03-11 00:25:43','CHECK_NRPE: Socket timeout after 20 seconds.','Free Space All Disks',1,46),(760,'2013-03-11 00:25:58','CRITICAL - Socket timeout after 10 seconds','SSH',1,46),(761,'2013-03-11 00:25:43','CHECK_NRPE: Socket timeout after 20 seconds.','Load Average',1,46),(762,'2013-03-11 00:26:05','down','ping',2,46),(763,'2013-03-11 00:26:43','CHECK_NRPE: Socket timeout after 20 seconds.','Processes',1,46),(764,'2013-03-11 00:26:43','CHECK_NRPE: Socket timeout after 20 seconds.','Free Memory',1,46),(765,'2013-03-11 00:26:43','CHECK_NRPE: Socket timeout after 20 seconds.','Free Space All Disks',1,46),(766,'2013-03-11 00:26:58','CRITICAL - Socket timeout after 10 seconds','SSH',1,46),(767,'2013-03-11 00:26:43','CHECK_NRPE: Socket timeout after 20 seconds.','Load Average',1,46),(768,'2012-10-05 22:35:35','unconfirmed_down','http',2,100),(769,'2012-12-11 13:00:35','unconfirmed_down','ping',2,10),(770,'2012-08-26 12:10:27','unconfirmed_down','ping',2,77),(771,'2013-03-06 23:39:30','unconfirmed_down','ping',2,55),(772,'2013-03-06 23:37:36','unconfirmed_down','ping',2,23),(773,'2012-08-26 12:10:27','unconfirmed_down','ping',2,77),(774,'2013-03-06 23:39:30','unconfirmed_down','ping',2,55),(775,'2013-03-06 23:37:36','unconfirmed_down','ping',2,23),(776,'2013-03-11 00:27:05','unconfirmed_down','ping',2,46),(777,'2013-03-03 21:19:30','unconfirmed_down','ping',2,68),(778,'2012-11-29 02:40:33','unconfirmed_down','http',2,61),(779,'2013-03-11 08:54:04','PING WARNING - Packet loss = 37%, RTA = 38.26 ms','ping',1,2),(780,'2013-03-11 08:54:00','PING WARNING - Packet loss = 28%, RTA = 39.84 ms','ping',1,17),(781,'2013-03-11 08:54:00','PING WARNING - Packet loss = 44%, RTA = 39.17 ms','ping',1,50),(782,'2013-03-03 21:19:30','unconfirmed_down','ping',2,68),(783,'2013-03-01 11:04:54','unconfirmed_down','ping',2,20),(784,'2013-03-11 14:23:53','CHECK_NRPE: Socket timeout after 20 seconds.','Free Space All Disks',1,2),(785,'2013-03-11 14:23:54','CRITICAL - Socket timeout after 10 seconds','SSH',1,12),(786,'2013-03-11 14:23:55','CRITICAL - Socket timeout after 10 seconds','SSH',1,40),(787,'2013-03-11 14:23:43','CHECK_NRPE: Socket timeout after 20 seconds.','Load Average',1,43),(788,'2013-03-11 14:23:53','CHECK_NRPE: Socket timeout after 20 seconds.','Processes',1,50),(789,'2013-03-11 14:24:01','PING WARNING - Packet loss = 28%, RTA = 38.21 ms','ping',1,51),(790,'2013-03-11 14:24:43','CHECK_NRPE: Socket timeout after 20 seconds.','Free Memory',1,43),(791,'2013-03-11 14:24:43','CHECK_NRPE: Socket timeout after 20 seconds.','Load Average',1,50),(792,'2013-03-03 21:19:30','unconfirmed_down','ping',2,68),(793,'2013-03-11 19:19:34','CHECK_NRPE: Socket timeout after 20 seconds.','Processes',1,22),(794,'2013-03-11 19:19:34','CHECK_NRPE: Socket timeout after 20 seconds.','Free Memory',1,22),(795,'2013-03-11 19:19:47','PING CRITICAL - Packet loss = 100%','ping',1,22),(796,'2013-03-11 19:19:34','CHECK_NRPE: Socket timeout after 20 seconds.','Free Space All Disks',1,22),(797,'2013-03-11 19:19:38','CRITICAL - Socket timeout after 10 seconds','SSH',1,22),(798,'2013-03-11 19:19:15','CHECK_NRPE: Socket timeout after 20 seconds.','Load Average',1,22),(799,'2013-03-11 19:20:34','CHECK_NRPE: Socket timeout after 20 seconds.','Processes',1,22),(800,'2013-03-11 19:20:34','CHECK_NRPE: Socket timeout after 20 seconds.','Free Memory',1,22),(801,'2013-03-11 19:20:47','PING CRITICAL - Packet loss = 100%','ping',1,22),(802,'2013-03-11 19:20:34','CHECK_NRPE: Socket timeout after 20 seconds.','Free Space All Disks',1,22),(803,'2013-03-11 19:20:38','CRITICAL - Socket timeout after 10 seconds','SSH',1,22),(804,'2013-03-11 19:19:44','CHECK_NRPE: Socket timeout after 20 seconds.','Load Average',1,22),(805,'2013-03-11 19:21:47','PING CRITICAL - Packet loss = 100%','ping',1,22),(806,'2013-03-11 19:21:38','CRITICAL - Socket timeout after 10 seconds','SSH',1,22),(807,'2013-03-11 19:20:44','CHECK_NRPE: Socket timeout after 20 seconds.','Load Average',1,22),(808,'2013-03-11 19:22:47','PING CRITICAL - Packet loss = 100%','ping',1,22),(809,'2013-03-11 19:22:38','CRITICAL - Socket timeout after 10 seconds','SSH',1,22),(810,'2013-03-11 19:23:47','PING CRITICAL - Packet loss = 100%','ping',1,22),(811,'2013-03-11 19:23:38','CRITICAL - Socket timeout after 10 seconds','SSH',1,22),(812,'2013-03-11 19:24:47','PING CRITICAL - Packet loss = 100%','ping',1,22),(813,'2013-03-11 19:24:38','CRITICAL - Socket timeout after 10 seconds','SSH',1,22),(814,'2013-03-11 19:25:47','PING CRITICAL - Packet loss = 100%','ping',1,22),(815,'2013-03-11 19:25:38','CRITICAL - Socket timeout after 10 seconds','SSH',1,22),(816,'2013-03-11 19:26:47','PING CRITICAL - Packet loss = 100%','ping',1,22),(817,'2013-03-11 19:26:38','CRITICAL - Socket timeout after 10 seconds','SSH',1,22),(818,'2013-03-11 19:27:47','PING CRITICAL - Packet loss = 100%','ping',1,22),(819,'2013-03-11 19:27:38','CRITICAL - Socket timeout after 10 seconds','SSH',1,22),(820,'2013-03-11 19:28:47','PING CRITICAL - Packet loss = 100%','ping',1,22),(821,'2013-03-11 19:28:38','CRITICAL - Socket timeout after 10 seconds','SSH',1,22),(822,'2013-03-11 19:29:47','PING CRITICAL - Packet loss = 100%','ping',1,22),(823,'2013-03-11 19:29:38','CRITICAL - Socket timeout after 10 seconds','SSH',1,22),(824,'2013-03-11 19:30:47','PING CRITICAL - Packet loss = 100%','ping',1,22),(825,'2013-03-11 19:30:38','CRITICAL - Socket timeout after 10 seconds','SSH',1,22),(826,'2013-03-11 19:31:47','PING CRITICAL - Packet loss = 100%','ping',1,22),(827,'2013-03-11 19:31:38','CRITICAL - Socket timeout after 10 seconds','SSH',1,22),(828,'2013-03-11 19:32:47','PING CRITICAL - Packet loss = 100%','ping',1,22),(829,'2013-03-11 19:32:38','CRITICAL - Socket timeout after 10 seconds','SSH',1,22),(830,'2013-03-11 19:33:47','PING CRITICAL - Packet loss = 100%','ping',1,22),(831,'2013-03-11 19:33:38','CRITICAL - Socket timeout after 10 seconds','SSH',1,22),(832,'2013-03-11 19:34:47','PING CRITICAL - Packet loss = 100%','ping',1,22),(833,'2013-03-11 19:34:38','CRITICAL - Socket timeout after 10 seconds','SSH',1,22),(834,'2013-03-11 19:35:47','PING CRITICAL - Packet loss = 100%','ping',1,22),(835,'2013-03-11 19:35:38','CRITICAL - Socket timeout after 10 seconds','SSH',1,22),(836,'2013-03-11 19:36:47','PING CRITICAL - Packet loss = 100%','ping',1,22),(837,'2013-03-11 19:36:38','CRITICAL - Socket timeout after 10 seconds','SSH',1,22),(838,'2013-03-11 19:37:47','PING CRITICAL - Packet loss = 100%','ping',1,22),(839,'2013-03-11 19:37:38','CRITICAL - Socket timeout after 10 seconds','SSH',1,22),(840,'2013-03-11 19:38:47','PING CRITICAL - Packet loss = 100%','ping',1,22),(841,'2013-03-11 19:38:38','CRITICAL - Socket timeout after 10 seconds','SSH',1,22),(842,'2013-03-11 19:39:47','PING CRITICAL - Packet loss = 100%','ping',1,22),(843,'2013-03-11 19:39:38','CRITICAL - Socket timeout after 10 seconds','SSH',1,22),(844,'2013-03-11 19:40:47','PING CRITICAL - Packet loss = 100%','ping',1,22),(845,'2013-03-11 19:40:38','CRITICAL - Socket timeout after 10 seconds','SSH',1,22),(846,'2013-03-11 19:41:47','PING CRITICAL - Packet loss = 100%','ping',1,22),(847,'2013-03-11 19:41:38','CRITICAL - Socket timeout after 10 seconds','SSH',1,22),(848,'2013-03-11 19:42:47','PING CRITICAL - Packet loss = 100%','ping',1,22),(849,'2013-03-11 19:42:38','CRITICAL - Socket timeout after 10 seconds','SSH',1,22),(850,'2013-03-11 19:43:47','PING CRITICAL - Packet loss = 80%, RTA = 9.36 ms','ping',1,22),(851,'2013-03-11 19:43:38','CRITICAL - Socket timeout after 10 seconds','SSH',1,22),(852,'2013-03-11 20:08:34','CHECK_NRPE: Socket timeout after 20 seconds.','Processes',1,22),(853,'2013-03-11 20:08:34','CHECK_NRPE: Socket timeout after 20 seconds.','Free Memory',1,22),(854,'2013-03-11 20:08:47','PING CRITICAL - Packet loss = 100%','ping',1,22),(855,'2013-03-11 20:08:34','CHECK_NRPE: Socket timeout after 20 seconds.','Free Space All Disks',1,22),(856,'2013-03-11 20:08:38','CRITICAL - Socket timeout after 10 seconds','SSH',1,22),(857,'2013-03-11 20:09:34','CHECK_NRPE: Socket timeout after 20 seconds.','Processes',1,22),(858,'2013-03-11 20:09:34','CHECK_NRPE: Socket timeout after 20 seconds.','Free Memory',1,22),(859,'2013-03-11 20:09:47','PING CRITICAL - Packet loss = 100%','ping',1,22),(860,'2013-03-11 20:09:34','CHECK_NRPE: Socket timeout after 20 seconds.','Free Space All Disks',1,22),(861,'2013-03-11 20:09:38','CRITICAL - Socket timeout after 10 seconds','SSH',1,22),(862,'2013-03-11 20:09:44','CHECK_NRPE: Socket timeout after 20 seconds.','Load Average',1,22),(863,'2013-03-11 20:10:34','CHECK_NRPE: Socket timeout after 20 seconds.','Processes',1,22),(864,'2013-03-11 20:10:34','CHECK_NRPE: Socket timeout after 20 seconds.','Free Memory',1,22),(865,'2013-03-11 20:10:47','PING CRITICAL - Packet loss = 100%','ping',1,22),(866,'2013-03-11 20:10:34','CHECK_NRPE: Socket timeout after 20 seconds.','Free Space All Disks',1,22),(867,'2013-03-11 20:10:38','CRITICAL - Socket timeout after 10 seconds','SSH',1,22),(868,'2013-03-11 20:11:34','CHECK_NRPE: Socket timeout after 20 seconds.','Processes',1,22),(869,'2013-03-11 20:11:34','CHECK_NRPE: Socket timeout after 20 seconds.','Free Memory',1,22),(870,'2013-03-11 20:11:47','PING CRITICAL - Packet loss = 100%','ping',1,22),(871,'2013-03-11 20:11:34','CHECK_NRPE: Socket timeout after 20 seconds.','Free Space All Disks',1,22),(872,'2013-03-11 20:11:38','CRITICAL - Socket timeout after 10 seconds','SSH',1,22),(873,'2013-03-11 20:10:44','CHECK_NRPE: Socket timeout after 20 seconds.','Load Average',1,22),(874,'2013-03-11 20:12:34','CHECK_NRPE: Socket timeout after 20 seconds.','Processes',1,22),(875,'2013-03-11 20:12:34','CHECK_NRPE: Socket timeout after 20 seconds.','Free Memory',1,22),(876,'2013-03-11 20:12:47','PING CRITICAL - Packet loss = 100%','ping',1,22),(877,'2013-03-11 20:12:34','CHECK_NRPE: Socket timeout after 20 seconds.','Free Space All Disks',1,22),(878,'2013-03-11 20:12:38','CRITICAL - Socket timeout after 10 seconds','SSH',1,22),(879,'2013-03-11 20:11:44','CHECK_NRPE: Socket timeout after 20 seconds.','Load Average',1,22),(880,'2013-03-11 20:13:34','CHECK_NRPE: Socket timeout after 20 seconds.','Processes',1,22),(881,'2013-03-11 20:13:34','CHECK_NRPE: Socket timeout after 20 seconds.','Free Memory',1,22),(882,'2013-03-11 20:13:47','PING CRITICAL - Packet loss = 100%','ping',1,22),(883,'2013-03-11 20:13:34','CHECK_NRPE: Socket timeout after 20 seconds.','Free Space All Disks',1,22),(884,'2013-03-11 20:13:38','CRITICAL - Socket timeout after 10 seconds','SSH',1,22),(885,'2013-03-11 20:13:44','CHECK_NRPE: Socket timeout after 20 seconds.','Load Average',1,22),(886,'2013-03-11 20:14:34','CHECK_NRPE: Socket timeout after 20 seconds.','Processes',1,22),(887,'2013-03-11 20:14:34','CHECK_NRPE: Socket timeout after 20 seconds.','Free Memory',1,22),(888,'2013-03-11 20:14:47','PING CRITICAL - Packet loss = 100%','ping',1,22),(889,'2013-03-11 20:14:34','CHECK_NRPE: Socket timeout after 20 seconds.','Free Space All Disks',1,22),(890,'2013-03-11 20:14:38','CRITICAL - Socket timeout after 10 seconds','SSH',1,22),(891,'2013-03-11 20:14:44','CHECK_NRPE: Socket timeout after 20 seconds.','Load Average',1,22),(892,'2013-03-11 20:15:34','CHECK_NRPE: Socket timeout after 20 seconds.','Processes',1,22),(893,'2013-03-11 20:15:34','CHECK_NRPE: Socket timeout after 20 seconds.','Free Memory',1,22),(894,'2013-03-11 20:15:47','PING CRITICAL - Packet loss = 100%','ping',1,22),(895,'2013-03-11 20:15:34','CHECK_NRPE: Socket timeout after 20 seconds.','Free Space All Disks',1,22),(896,'2013-03-11 20:15:38','CRITICAL - Socket timeout after 10 seconds','SSH',1,22),(897,'2013-03-11 20:16:34','CHECK_NRPE: Socket timeout after 20 seconds.','Processes',1,22),(898,'2013-03-11 20:16:34','CHECK_NRPE: Socket timeout after 20 seconds.','Free Memory',1,22),(899,'2013-03-11 20:16:47','PING CRITICAL - Packet loss = 100%','ping',1,22),(900,'2013-03-11 20:16:34','CHECK_NRPE: Socket timeout after 20 seconds.','Free Space All Disks',1,22),(901,'2013-03-11 20:16:38','CRITICAL - Socket timeout after 10 seconds','SSH',1,22),(902,'2013-03-11 20:15:44','CHECK_NRPE: Socket timeout after 20 seconds.','Load Average',1,22),(903,'2013-03-11 20:17:34','CHECK_NRPE: Socket timeout after 20 seconds.','Processes',1,22),(904,'2013-03-11 20:17:34','CHECK_NRPE: Socket timeout after 20 seconds.','Free Memory',1,22),(905,'2013-03-11 20:17:47','PING CRITICAL - Packet loss = 100%','ping',1,22),(906,'2013-03-11 20:17:34','CHECK_NRPE: Socket timeout after 20 seconds.','Free Space All Disks',1,22),(907,'2013-03-11 20:17:38','CRITICAL - Socket timeout after 10 seconds','SSH',1,22),(908,'2013-03-11 20:17:44','CHECK_NRPE: Socket timeout after 20 seconds.','Load Average',1,22),(909,'2013-03-11 20:18:34','CHECK_NRPE: Socket timeout after 20 seconds.','Processes',1,22),(910,'2013-03-11 20:18:34','CHECK_NRPE: Socket timeout after 20 seconds.','Free Memory',1,22),(911,'2013-03-11 20:18:47','PING CRITICAL - Packet loss = 100%','ping',1,22),(912,'2013-03-11 20:18:34','CHECK_NRPE: Socket timeout after 20 seconds.','Free Space All Disks',1,22),(913,'2013-03-11 20:18:38','CRITICAL - Socket timeout after 10 seconds','SSH',1,22),(914,'2013-03-11 20:19:34','CHECK_NRPE: Socket timeout after 20 seconds.','Processes',1,22),(915,'2013-03-11 20:19:34','CHECK_NRPE: Socket timeout after 20 seconds.','Free Memory',1,22),(916,'2013-03-11 20:19:47','PING CRITICAL - Packet loss = 100%','ping',1,22),(917,'2013-03-11 20:19:34','CHECK_NRPE: Socket timeout after 20 seconds.','Free Space All Disks',1,22),(918,'2013-03-11 20:19:38','CRITICAL - Socket timeout after 10 seconds','SSH',1,22),(919,'2013-03-11 20:18:44','CHECK_NRPE: Socket timeout after 20 seconds.','Load Average',1,22),(920,'2013-03-11 20:20:34','CHECK_NRPE: Socket timeout after 20 seconds.','Processes',1,22),(921,'2013-03-11 20:20:34','CHECK_NRPE: Socket timeout after 20 seconds.','Free Memory',1,22),(922,'2013-03-11 20:20:47','PING CRITICAL - Packet loss = 100%','ping',1,22),(923,'2013-03-11 20:20:34','CHECK_NRPE: Socket timeout after 20 seconds.','Free Space All Disks',1,22),(924,'2013-03-11 20:20:38','CRITICAL - Socket timeout after 10 seconds','SSH',1,22),(925,'2013-03-11 20:19:44','CHECK_NRPE: Socket timeout after 20 seconds.','Load Average',1,22),(926,'2013-03-11 20:21:34','CHECK_NRPE: Socket timeout after 20 seconds.','Processes',1,22),(927,'2013-03-11 20:21:34','CHECK_NRPE: Socket timeout after 20 seconds.','Free Memory',1,22),(928,'2013-03-11 20:21:47','PING CRITICAL - Packet loss = 100%','ping',1,22),(929,'2013-03-11 20:21:34','CHECK_NRPE: Socket timeout after 20 seconds.','Free Space All Disks',1,22),(930,'2013-03-11 20:21:38','CRITICAL - Socket timeout after 10 seconds','SSH',1,22),(931,'2013-03-11 20:20:44','CHECK_NRPE: Socket timeout after 20 seconds.','Load Average',1,22),(932,'2013-03-11 20:22:34','CHECK_NRPE: Socket timeout after 20 seconds.','Processes',1,22),(933,'2013-03-11 20:22:34','CHECK_NRPE: Socket timeout after 20 seconds.','Free Memory',1,22),(934,'2013-03-11 20:22:47','PING CRITICAL - Packet loss = 100%','ping',1,22),(935,'2013-03-11 20:22:34','CHECK_NRPE: Socket timeout after 20 seconds.','Free Space All Disks',1,22),(936,'2013-03-11 20:22:38','CRITICAL - Socket timeout after 10 seconds','SSH',1,22),(937,'2013-03-11 20:21:44','CHECK_NRPE: Socket timeout after 20 seconds.','Load Average',1,22),(938,'2013-03-11 20:23:34','CHECK_NRPE: Socket timeout after 20 seconds.','Processes',1,22),(939,'2013-03-11 20:23:34','CHECK_NRPE: Socket timeout after 20 seconds.','Free Memory',1,22),(940,'2013-03-11 20:23:47','PING CRITICAL - Packet loss = 100%','ping',1,22),(941,'2013-03-11 20:23:34','CHECK_NRPE: Socket timeout after 20 seconds.','Free Space All Disks',1,22),(942,'2013-03-11 20:23:38','CRITICAL - Socket timeout after 10 seconds','SSH',1,22),(943,'2013-03-11 20:22:44','CHECK_NRPE: Socket timeout after 20 seconds.','Load Average',1,22),(944,'2013-03-11 20:24:34','CHECK_NRPE: Socket timeout after 20 seconds.','Processes',1,22),(945,'2013-03-11 20:24:34','CHECK_NRPE: Socket timeout after 20 seconds.','Free Memory',1,22),(946,'2013-03-11 20:24:47','PING CRITICAL - Packet loss = 100%','ping',1,22),(947,'2013-03-11 20:24:34','CHECK_NRPE: Socket timeout after 20 seconds.','Free Space All Disks',1,22),(948,'2013-03-11 20:24:38','CRITICAL - Socket timeout after 10 seconds','SSH',1,22),(949,'2013-03-11 20:23:44','CHECK_NRPE: Socket timeout after 20 seconds.','Load Average',1,22),(950,'2013-03-11 20:25:34','CHECK_NRPE: Socket timeout after 20 seconds.','Processes',1,22),(951,'2013-03-11 20:25:34','CHECK_NRPE: Socket timeout after 20 seconds.','Free Memory',1,22),(952,'2013-03-11 20:25:47','PING CRITICAL - Packet loss = 100%','ping',1,22),(953,'2013-03-11 20:25:34','CHECK_NRPE: Socket timeout after 20 seconds.','Free Space All Disks',1,22),(954,'2013-03-11 20:25:38','CRITICAL - Socket timeout after 10 seconds','SSH',1,22),(955,'2013-03-11 20:25:44','CHECK_NRPE: Socket timeout after 20 seconds.','Load Average',1,22),(956,'2013-03-11 20:26:34','CHECK_NRPE: Socket timeout after 20 seconds.','Processes',1,22),(957,'2013-03-11 20:26:34','CHECK_NRPE: Socket timeout after 20 seconds.','Free Memory',1,22),(958,'2013-03-11 20:26:47','PING CRITICAL - Packet loss = 100%','ping',1,22),(959,'2013-03-11 20:26:34','CHECK_NRPE: Socket timeout after 20 seconds.','Free Space All Disks',1,22),(960,'2013-03-11 20:26:38','CRITICAL - Socket timeout after 10 seconds','SSH',1,22),(961,'2013-03-11 20:26:44','CHECK_NRPE: Socket timeout after 20 seconds.','Load Average',1,22),(962,'2013-03-11 20:27:34','CHECK_NRPE: Socket timeout after 20 seconds.','Processes',1,22),(963,'2013-03-11 20:27:34','CHECK_NRPE: Socket timeout after 20 seconds.','Free Memory',1,22),(964,'2013-03-11 20:27:47','PING CRITICAL - Packet loss = 100%','ping',1,22),(965,'2013-03-11 20:27:34','CHECK_NRPE: Socket timeout after 20 seconds.','Free Space All Disks',1,22),(966,'2013-03-11 20:27:38','CRITICAL - Socket timeout after 10 seconds','SSH',1,22),(967,'2013-03-11 20:28:34','CHECK_NRPE: Socket timeout after 20 seconds.','Processes',1,22),(968,'2013-03-11 20:28:34','CHECK_NRPE: Socket timeout after 20 seconds.','Free Memory',1,22),(969,'2013-03-11 20:28:47','PING CRITICAL - Packet loss = 100%','ping',1,22),(970,'2013-03-11 20:28:34','CHECK_NRPE: Socket timeout after 20 seconds.','Free Space All Disks',1,22),(971,'2013-03-11 20:28:38','CRITICAL - Socket timeout after 10 seconds','SSH',1,22),(972,'2013-03-11 20:27:44','CHECK_NRPE: Socket timeout after 20 seconds.','Load Average',1,22),(973,'2013-03-11 20:29:34','CHECK_NRPE: Socket timeout after 20 seconds.','Processes',1,22),(974,'2013-03-11 20:29:34','CHECK_NRPE: Socket timeout after 20 seconds.','Free Memory',1,22),(975,'2013-03-11 20:29:47','PING CRITICAL - Packet loss = 100%','ping',1,22),(976,'2013-03-11 20:29:34','CHECK_NRPE: Socket timeout after 20 seconds.','Free Space All Disks',1,22),(977,'2013-03-11 20:29:38','CRITICAL - Socket timeout after 10 seconds','SSH',1,22),(978,'2013-03-11 20:28:44','CHECK_NRPE: Socket timeout after 20 seconds.','Load Average',1,22),(979,'2013-03-11 20:30:34','CHECK_NRPE: Socket timeout after 20 seconds.','Processes',1,22),(980,'2013-03-11 20:30:34','CHECK_NRPE: Socket timeout after 20 seconds.','Free Memory',1,22),(981,'2013-03-11 20:30:47','PING CRITICAL - Packet loss = 100%','ping',1,22),(982,'2013-03-11 20:30:34','CHECK_NRPE: Socket timeout after 20 seconds.','Free Space All Disks',1,22),(983,'2013-03-11 20:30:38','CRITICAL - Socket timeout after 10 seconds','SSH',1,22),(984,'2013-03-11 20:29:44','CHECK_NRPE: Socket timeout after 20 seconds.','Load Average',1,22),(985,'2013-03-11 20:31:34','CHECK_NRPE: Socket timeout after 20 seconds.','Processes',1,22),(986,'2013-03-11 20:31:34','CHECK_NRPE: Socket timeout after 20 seconds.','Free Memory',1,22),(987,'2013-03-11 20:31:47','PING CRITICAL - Packet loss = 100%','ping',1,22),(988,'2013-03-11 20:31:34','CHECK_NRPE: Socket timeout after 20 seconds.','Free Space All Disks',1,22),(989,'2013-03-11 20:31:38','CRITICAL - Socket timeout after 10 seconds','SSH',1,22),(990,'2013-03-11 20:30:44','CHECK_NRPE: Socket timeout after 20 seconds.','Load Average',1,22),(991,'2013-03-11 20:32:34','CHECK_NRPE: Socket timeout after 20 seconds.','Processes',1,22),(992,'2013-03-11 20:32:34','CHECK_NRPE: Socket timeout after 20 seconds.','Free Memory',1,22),(993,'2013-03-11 20:32:47','PING CRITICAL - Packet loss = 100%','ping',1,22),(994,'2013-03-11 20:32:34','CHECK_NRPE: Socket timeout after 20 seconds.','Free Space All Disks',1,22),(995,'2013-03-11 20:32:38','CRITICAL - Socket timeout after 10 seconds','SSH',1,22),(996,'2013-03-11 20:31:44','CHECK_NRPE: Socket timeout after 20 seconds.','Load Average',1,22),(997,'2013-03-11 20:45:34','CHECK_NRPE: Socket timeout after 20 seconds.','Processes',1,22),(998,'2013-03-11 20:45:34','CHECK_NRPE: Socket timeout after 20 seconds.','Free Memory',1,22),(999,'2013-03-11 20:45:47','PING CRITICAL - Packet loss = 90%, RTA = 9.97 ms','ping',1,22),(1000,'2013-03-11 20:45:34','CHECK_NRPE: Socket timeout after 20 seconds.','Free Space All Disks',1,22),(1001,'2013-03-11 20:45:38','CRITICAL - Socket timeout after 10 seconds','SSH',1,22),(1002,'2013-03-11 20:46:34','CHECK_NRPE: Socket timeout after 20 seconds.','Processes',1,22),(1003,'2013-03-11 20:46:34','CHECK_NRPE: Socket timeout after 20 seconds.','Free Memory',1,22),(1004,'2013-03-11 20:46:47','PING CRITICAL - Packet loss = 100%','ping',1,22),(1005,'2013-03-11 20:46:34','CHECK_NRPE: Socket timeout after 20 seconds.','Free Space All Disks',1,22),(1006,'2013-03-11 20:46:38','CRITICAL - Socket timeout after 10 seconds','SSH',1,22),(1007,'2013-03-11 20:46:44','CHECK_NRPE: Socket timeout after 20 seconds.','Load Average',1,22),(1008,'2013-03-11 20:47:34','CHECK_NRPE: Socket timeout after 20 seconds.','Processes',1,22),(1009,'2013-03-11 20:47:34','CHECK_NRPE: Socket timeout after 20 seconds.','Free Memory',1,22),(1010,'2013-03-11 20:47:47','PING CRITICAL - Packet loss = 100%','ping',1,22),(1011,'2013-03-11 20:47:34','CHECK_NRPE: Socket timeout after 20 seconds.','Free Space All Disks',1,22),(1012,'2013-03-11 20:47:38','CRITICAL - Socket timeout after 10 seconds','SSH',1,22),(1013,'2013-03-11 20:48:34','CHECK_NRPE: Socket timeout after 20 seconds.','Processes',1,22),(1014,'2013-03-11 20:48:34','CHECK_NRPE: Socket timeout after 20 seconds.','Free Memory',1,22),(1015,'2013-03-11 20:48:47','PING CRITICAL - Packet loss = 100%','ping',1,22),(1016,'2013-03-11 20:48:34','CHECK_NRPE: Socket timeout after 20 seconds.','Free Space All Disks',1,22),(1017,'2013-03-11 20:48:38','CRITICAL - Socket timeout after 10 seconds','SSH',1,22),(1018,'2013-03-11 20:48:44','CHECK_NRPE: Socket timeout after 20 seconds.','Load Average',1,22),(1019,'2013-03-11 20:49:34','CHECK_NRPE: Socket timeout after 20 seconds.','Processes',1,22),(1020,'2013-03-11 20:49:34','CHECK_NRPE: Socket timeout after 20 seconds.','Free Memory',1,22),(1021,'2013-03-11 20:49:47','PING CRITICAL - Packet loss = 100%','ping',1,22),(1022,'2013-03-11 20:49:34','CHECK_NRPE: Socket timeout after 20 seconds.','Free Space All Disks',1,22),(1023,'2013-03-11 20:49:38','CRITICAL - Socket timeout after 10 seconds','SSH',1,22),(1024,'2013-03-11 20:50:34','CHECK_NRPE: Socket timeout after 20 seconds.','Processes',1,22),(1025,'2013-03-11 20:50:34','CHECK_NRPE: Socket timeout after 20 seconds.','Free Memory',1,22),(1026,'2013-03-11 20:50:47','PING CRITICAL - Packet loss = 100%','ping',1,22),(1027,'2013-03-11 20:50:34','CHECK_NRPE: Socket timeout after 20 seconds.','Free Space All Disks',1,22),(1028,'2013-03-11 20:50:38','CRITICAL - Socket timeout after 10 seconds','SSH',1,22),(1029,'2013-03-11 20:49:44','CHECK_NRPE: Socket timeout after 20 seconds.','Load Average',1,22),(1030,'2013-03-11 20:51:34','CHECK_NRPE: Socket timeout after 20 seconds.','Processes',1,22),(1031,'2013-03-11 20:51:34','CHECK_NRPE: Socket timeout after 20 seconds.','Free Memory',1,22),(1032,'2013-03-11 20:51:47','PING CRITICAL - Packet loss = 100%','ping',1,22),(1033,'2013-03-11 20:51:34','CHECK_NRPE: Socket timeout after 20 seconds.','Free Space All Disks',1,22),(1034,'2013-03-11 20:51:38','CRITICAL - Socket timeout after 10 seconds','SSH',1,22),(1035,'2013-03-11 20:50:44','CHECK_NRPE: Socket timeout after 20 seconds.','Load Average',1,22),(1036,'2013-03-11 20:52:34','CHECK_NRPE: Socket timeout after 20 seconds.','Processes',1,22),(1037,'2013-03-11 20:52:34','CHECK_NRPE: Socket timeout after 20 seconds.','Free Memory',1,22),(1038,'2013-03-11 20:52:47','PING CRITICAL - Packet loss = 100%','ping',1,22),(1039,'2013-03-11 20:52:34','CHECK_NRPE: Socket timeout after 20 seconds.','Free Space All Disks',1,22),(1040,'2013-03-11 20:52:38','CRITICAL - Socket timeout after 10 seconds','SSH',1,22),(1041,'2013-03-11 20:51:44','CHECK_NRPE: Socket timeout after 20 seconds.','Load Average',1,22),(1042,'2013-03-11 20:53:34','CHECK_NRPE: Socket timeout after 20 seconds.','Processes',1,22),(1043,'2013-03-11 20:53:34','CHECK_NRPE: Socket timeout after 20 seconds.','Free Memory',1,22),(1044,'2013-03-11 20:53:47','PING CRITICAL - Packet loss = 100%','ping',1,22),(1045,'2013-03-11 20:53:34','CHECK_NRPE: Socket timeout after 20 seconds.','Free Space All Disks',1,22),(1046,'2013-03-11 20:53:38','CRITICAL - Socket timeout after 10 seconds','SSH',1,22),(1047,'2013-03-11 20:52:44','CHECK_NRPE: Socket timeout after 20 seconds.','Load Average',1,22),(1048,'2013-03-11 20:54:34','CHECK_NRPE: Socket timeout after 20 seconds.','Processes',1,22),(1049,'2013-03-11 20:54:34','CHECK_NRPE: Socket timeout after 20 seconds.','Free Memory',1,22),(1050,'2013-03-11 20:54:47','PING CRITICAL - Packet loss = 100%','ping',1,22),(1051,'2013-03-11 20:54:34','CHECK_NRPE: Socket timeout after 20 seconds.','Free Space All Disks',1,22),(1052,'2013-03-11 20:54:38','CRITICAL - Socket timeout after 10 seconds','SSH',1,22),(1053,'2013-03-11 20:54:44','CHECK_NRPE: Socket timeout after 20 seconds.','Load Average',1,22),(1054,'2013-03-11 20:55:34','CHECK_NRPE: Socket timeout after 20 seconds.','Processes',1,22),(1055,'2013-03-11 20:55:34','CHECK_NRPE: Socket timeout after 20 seconds.','Free Memory',1,22),(1056,'2013-03-11 20:55:47','PING CRITICAL - Packet loss = 100%','ping',1,22),(1057,'2013-03-11 20:55:34','CHECK_NRPE: Socket timeout after 20 seconds.','Free Space All Disks',1,22),(1058,'2013-03-11 20:55:38','CRITICAL - Socket timeout after 10 seconds','SSH',1,22),(1059,'2013-03-11 20:55:44','CHECK_NRPE: Socket timeout after 20 seconds.','Load Average',1,22),(1060,'2013-03-11 20:56:34','CHECK_NRPE: Socket timeout after 20 seconds.','Processes',1,22),(1061,'2013-03-11 20:56:34','CHECK_NRPE: Socket timeout after 20 seconds.','Free Memory',1,22),(1062,'2013-03-11 20:56:47','PING CRITICAL - Packet loss = 100%','ping',1,22),(1063,'2013-03-11 20:56:34','CHECK_NRPE: Socket timeout after 20 seconds.','Free Space All Disks',1,22),(1064,'2013-03-11 20:56:38','CRITICAL - Socket timeout after 10 seconds','SSH',1,22),(1065,'2013-03-11 20:57:34','CHECK_NRPE: Socket timeout after 20 seconds.','Processes',1,22),(1066,'2013-03-11 20:57:34','CHECK_NRPE: Socket timeout after 20 seconds.','Free Memory',1,22),(1067,'2013-03-11 20:57:47','PING CRITICAL - Packet loss = 100%','ping',1,22),(1068,'2013-03-11 20:57:34','CHECK_NRPE: Socket timeout after 20 seconds.','Free Space All Disks',1,22),(1069,'2013-03-11 20:57:38','CRITICAL - Socket timeout after 10 seconds','SSH',1,22),(1070,'2013-03-11 20:56:44','CHECK_NRPE: Socket timeout after 20 seconds.','Load Average',1,22),(1071,'2013-03-11 20:58:34','CHECK_NRPE: Socket timeout after 20 seconds.','Processes',1,22),(1072,'2013-03-11 20:58:34','CHECK_NRPE: Socket timeout after 20 seconds.','Free Memory',1,22),(1073,'2013-03-11 20:58:47','PING CRITICAL - Packet loss = 100%','ping',1,22),(1074,'2013-03-11 20:58:34','CHECK_NRPE: Socket timeout after 20 seconds.','Free Space All Disks',1,22),(1075,'2013-03-11 20:58:38','CRITICAL - Socket timeout after 10 seconds','SSH',1,22),(1076,'2013-03-11 20:58:44','CHECK_NRPE: Socket timeout after 20 seconds.','Load Average',1,22),(1077,'2013-03-11 20:59:34','CHECK_NRPE: Socket timeout after 20 seconds.','Processes',1,22),(1078,'2013-03-11 20:59:34','CHECK_NRPE: Socket timeout after 20 seconds.','Free Memory',1,22),(1079,'2013-03-11 20:59:47','PING CRITICAL - Packet loss = 100%','ping',1,22),(1080,'2013-03-11 20:59:34','CHECK_NRPE: Socket timeout after 20 seconds.','Free Space All Disks',1,22),(1081,'2013-03-11 20:59:38','CRITICAL - Socket timeout after 10 seconds','SSH',1,22),(1082,'2013-03-11 21:00:34','CHECK_NRPE: Socket timeout after 20 seconds.','Processes',1,22),(1083,'2013-03-11 21:00:34','CHECK_NRPE: Socket timeout after 20 seconds.','Free Memory',1,22),(1084,'2013-03-11 21:00:47','PING CRITICAL - Packet loss = 100%','ping',1,22),(1085,'2013-03-11 21:00:34','CHECK_NRPE: Socket timeout after 20 seconds.','Free Space All Disks',1,22),(1086,'2013-03-11 21:00:38','CRITICAL - Socket timeout after 10 seconds','SSH',1,22),(1087,'2013-03-11 20:59:44','CHECK_NRPE: Socket timeout after 20 seconds.','Load Average',1,22),(1088,'2013-03-11 21:01:34','CHECK_NRPE: Socket timeout after 20 seconds.','Processes',1,22),(1089,'2013-03-11 21:01:34','CHECK_NRPE: Socket timeout after 20 seconds.','Free Memory',1,22),(1090,'2013-03-11 21:01:47','PING CRITICAL - Packet loss = 100%','ping',1,22),(1091,'2013-03-11 21:01:34','CHECK_NRPE: Socket timeout after 20 seconds.','Free Space All Disks',1,22),(1092,'2013-03-11 21:01:38','CRITICAL - Socket timeout after 10 seconds','SSH',1,22),(1093,'2013-03-11 21:00:44','CHECK_NRPE: Socket timeout after 20 seconds.','Load Average',1,22),(1094,'2013-03-11 21:02:34','CHECK_NRPE: Socket timeout after 20 seconds.','Processes',1,22),(1095,'2013-03-11 21:02:34','CHECK_NRPE: Socket timeout after 20 seconds.','Free Memory',1,22),(1096,'2013-03-11 21:02:47','PING CRITICAL - Packet loss = 100%','ping',1,22),(1097,'2013-03-11 21:02:34','CHECK_NRPE: Socket timeout after 20 seconds.','Free Space All Disks',1,22),(1098,'2013-03-11 21:02:38','CRITICAL - Socket timeout after 10 seconds','SSH',1,22),(1099,'2013-03-11 21:01:44','CHECK_NRPE: Socket timeout after 20 seconds.','Load Average',1,22),(1100,'2013-03-11 21:03:34','CHECK_NRPE: Socket timeout after 20 seconds.','Processes',1,22),(1101,'2013-03-11 21:03:34','CHECK_NRPE: Socket timeout after 20 seconds.','Free Memory',1,22),(1102,'2013-03-11 21:03:47','PING CRITICAL - Packet loss = 100%','ping',1,22),(1103,'2013-03-11 21:03:34','CHECK_NRPE: Socket timeout after 20 seconds.','Free Space All Disks',1,22),(1104,'2013-03-11 21:03:38','CRITICAL - Socket timeout after 10 seconds','SSH',1,22),(1105,'2013-03-11 21:03:44','CHECK_NRPE: Socket timeout after 20 seconds.','Load Average',1,22),(1106,'2013-03-11 21:04:34','CHECK_NRPE: Socket timeout after 20 seconds.','Processes',1,22),(1107,'2013-03-11 21:04:34','CHECK_NRPE: Socket timeout after 20 seconds.','Free Memory',1,22),(1108,'2013-03-11 21:04:47','PING CRITICAL - Packet loss = 100%','ping',1,22),(1109,'2013-03-11 21:04:34','CHECK_NRPE: Socket timeout after 20 seconds.','Free Space All Disks',1,22),(1110,'2013-03-11 21:04:38','CRITICAL - Socket timeout after 10 seconds','SSH',1,22),(1111,'2013-03-11 21:05:34','CHECK_NRPE: Socket timeout after 20 seconds.','Processes',1,22),(1112,'2013-03-11 21:05:34','CHECK_NRPE: Socket timeout after 20 seconds.','Free Memory',1,22),(1113,'2013-03-11 21:05:47','PING CRITICAL - Packet loss = 100%','ping',1,22),(1114,'2013-03-11 21:05:34','CHECK_NRPE: Socket timeout after 20 seconds.','Free Space All Disks',1,22),(1115,'2013-03-11 21:05:38','CRITICAL - Socket timeout after 10 seconds','SSH',1,22),(1116,'2013-03-11 21:05:44','CHECK_NRPE: Socket timeout after 20 seconds.','Load Average',1,22),(1117,'2013-03-11 21:06:34','CHECK_NRPE: Socket timeout after 20 seconds.','Processes',1,22),(1118,'2013-03-11 21:06:34','CHECK_NRPE: Socket timeout after 20 seconds.','Free Memory',1,22),(1119,'2013-03-11 21:06:47','PING CRITICAL - Packet loss = 100%','ping',1,22),(1120,'2013-03-11 21:06:34','CHECK_NRPE: Socket timeout after 20 seconds.','Free Space All Disks',1,22),(1121,'2013-03-11 21:06:38','CRITICAL - Socket timeout after 10 seconds','SSH',1,22),(1122,'2013-03-11 21:07:34','CHECK_NRPE: Socket timeout after 20 seconds.','Processes',1,22),(1123,'2013-03-11 21:07:34','CHECK_NRPE: Socket timeout after 20 seconds.','Free Memory',1,22),(1124,'2013-03-11 21:07:47','PING CRITICAL - Packet loss = 100%','ping',1,22),(1125,'2013-03-11 21:07:34','CHECK_NRPE: Socket timeout after 20 seconds.','Free Space All Disks',1,22),(1126,'2013-03-11 21:07:38','CRITICAL - Socket timeout after 10 seconds','SSH',1,22),(1127,'2013-03-11 21:06:44','CHECK_NRPE: Socket timeout after 20 seconds.','Load Average',1,22),(1128,'2013-03-11 21:08:34','CHECK_NRPE: Socket timeout after 20 seconds.','Processes',1,22),(1129,'2013-03-11 21:08:34','CHECK_NRPE: Socket timeout after 20 seconds.','Free Memory',1,22),(1130,'2013-03-11 21:08:47','PING CRITICAL - Packet loss = 100%','ping',1,22),(1131,'2013-03-11 21:08:34','CHECK_NRPE: Socket timeout after 20 seconds.','Free Space All Disks',1,22),(1132,'2013-03-11 21:08:38','CRITICAL - Socket timeout after 10 seconds','SSH',1,22),(1133,'2013-03-11 21:08:44','CHECK_NRPE: Socket timeout after 20 seconds.','Load Average',1,22),(1134,'2013-03-11 21:09:34','CHECK_NRPE: Socket timeout after 20 seconds.','Processes',1,22),(1135,'2013-03-11 21:09:34','CHECK_NRPE: Socket timeout after 20 seconds.','Free Memory',1,22),(1136,'2013-03-11 21:09:47','PING CRITICAL - Packet loss = 100%','ping',1,22),(1137,'2013-03-11 21:09:34','CHECK_NRPE: Socket timeout after 20 seconds.','Free Space All Disks',1,22),(1138,'2013-03-11 21:09:38','CRITICAL - Socket timeout after 10 seconds','SSH',1,22),(1139,'2013-03-11 21:39:34','CHECK_NRPE: Socket timeout after 20 seconds.','Processes',1,22),(1140,'2013-03-11 21:39:34','CHECK_NRPE: Socket timeout after 20 seconds.','Free Memory',1,22),(1141,'2013-03-11 21:39:47','PING CRITICAL - Packet loss = 100%','ping',1,22),(1142,'2013-03-11 21:39:34','CHECK_NRPE: Socket timeout after 20 seconds.','Free Space All Disks',1,22),(1143,'2013-03-11 21:39:38','CRITICAL - Socket timeout after 10 seconds','SSH',1,22),(1144,'2013-03-11 21:40:04','CHECK_NRPE: Socket timeout after 20 seconds.','Processes',1,22),(1145,'2013-03-11 21:40:04','CHECK_NRPE: Socket timeout after 20 seconds.','Free Memory',1,22),(1146,'2013-03-11 21:40:07','PING CRITICAL - Packet loss = 100%','ping',1,22),(1147,'2013-03-11 21:40:04','CHECK_NRPE: Socket timeout after 20 seconds.','Free Space All Disks',1,22),(1148,'2013-03-11 21:39:58','CRITICAL - Socket timeout after 10 seconds','SSH',1,22),(1149,'2013-03-11 21:40:14','CHECK_NRPE: Socket timeout after 20 seconds.','Load Average',1,22),(1150,'2013-03-11 21:41:04','CHECK_NRPE: Socket timeout after 20 seconds.','Processes',1,22),(1151,'2013-03-11 21:41:04','CHECK_NRPE: Socket timeout after 20 seconds.','Free Memory',1,22),(1152,'2013-03-11 21:41:07','PING CRITICAL - Packet loss = 100%','ping',1,22),(1153,'2013-03-11 21:41:04','CHECK_NRPE: Socket timeout after 20 seconds.','Free Space All Disks',1,22),(1154,'2013-03-11 21:40:58','CRITICAL - Socket timeout after 10 seconds','SSH',1,22),(1155,'2013-03-11 21:41:14','CHECK_NRPE: Socket timeout after 20 seconds.','Load Average',1,22),(1156,'2013-03-03 21:19:30','unconfirmed_down','ping',2,68),(1157,'2013-03-12 03:02:40','PING WARNING - Packet loss = 28%, RTA = 1.49 ms','ping',1,25),(1158,'2013-03-03 21:19:30','unconfirmed_down','ping',2,68),(1159,'2013-03-03 21:19:30','unconfirmed_down','ping',2,68),(1160,'2013-03-03 21:19:30','unconfirmed_down','ping',2,68),(1161,'2013-03-12 16:09:27','down','http',2,98),(1162,'2013-03-12 16:09:52','down','http',2,99),(1163,'2013-03-03 21:19:30','unconfirmed_down','ping',2,68),(1164,'2013-03-12 16:16:52','down','http',2,101),(1165,'2013-03-03 21:19:30','unconfirmed_down','ping',2,68),(1166,'2013-03-03 21:19:30','unconfirmed_down','ping',2,68),(1167,'2013-03-03 21:19:30','unconfirmed_down','ping',2,68),(1168,'2013-03-01 11:04:55','unconfirmed_down','ping',2,66),(1169,'2013-03-13 00:46:38','CHECK_NRPE: Socket timeout after 20 seconds.','Free Memory',1,12),(1170,'2013-03-13 00:46:10','CHECK_NRPE: Socket timeout after 20 seconds.','Free Space All Disks',1,12),(1171,'2013-03-03 21:19:30','unconfirmed_down','ping',2,68),(1172,'2013-03-03 21:19:30','unconfirmed_down','ping',2,68),(1173,'2013-03-03 21:19:30','unconfirmed_down','ping',2,68),(1174,'2013-03-03 21:19:30','unconfirmed_down','ping',2,68),(1175,'2013-03-03 21:19:30','unconfirmed_down','ping',2,68),(1176,'2013-03-03 21:19:30','unconfirmed_down','ping',2,68),(1177,'2013-03-03 21:19:30','unconfirmed_down','ping',2,68),(1178,'2013-03-03 21:19:30','unconfirmed_down','ping',2,68),(1179,'2012-10-29 09:19:01','unconfirmed_down','ping',2,73);
/*!40000 ALTER TABLE `Report` ENABLE KEYS */;
UNLOCK TABLES;

--
-- Table structure for table `Service`
--

DROP TABLE IF EXISTS `Service`;
/*!40101 SET @saved_cs_client     = @@character_set_client */;
/*!40101 SET character_set_client = utf8 */;
CREATE TABLE `Service` (
  `IdService` int(11) NOT NULL AUTO_INCREMENT,
  `Name` varchar(40) NOT NULL,
  PRIMARY KEY (`IdService`),
  UNIQUE KEY `Name` (`Name`)
) ENGINE=InnoDB AUTO_INCREMENT=197 DEFAULT CHARSET=latin1;
/*!40101 SET character_set_client = @saved_cs_client */;

--
-- Dumping data for table `Service`
--

LOCK TABLES `Service` WRITE;
/*!40000 ALTER TABLE `Service` DISABLE KEYS */;
INSERT INTO `Service` VALUES (68,'88.87.38.193'),(66,'88.87.38.194'),(7,'access.ams.aptoma.no'),(10,'access.lon.aptoma.no'),(80,'aftenposten.advertisers.drpublish.aptoma'),(112,'aftonbladet-play.drlib.aptoma.no'),(118,'aftonbladet-play.meta-admin.drvideo.apto'),(125,'aftonbladet-play.videodata.drvideo.aptom'),(71,'api.opscode.com'),(29,'atika.lon.aptoma.no'),(13,'blog01.lon.aptoma.no'),(85,'cdn.drvideo.aptoma.no'),(27,'custom-apps-01.ams.aptoma.no'),(83,'default.drfront.aptoma.no'),(19,'drlib-rai-prod-01.ams.aptoma.no'),(57,'drlib-rai-prod-01.lon.aptoma.no'),(4,'drlib-rai-prod-02.ams.aptoma.no'),(32,'drlib-rai-prod-02.lon.aptoma.no'),(14,'drlib-rai-staging-01.ams.aptoma.no'),(33,'drlib-rai-staging-01.lon.aptoma.no'),(34,'drlib-solr-prod-01.ams.aptoma.no'),(16,'drlib-solr-prod-01.lon.aptoma.no'),(24,'drlib-solr-staging-01.ams.aptoma.no'),(53,'drlib-solr-staging-01.lon.aptoma.no'),(3,'drm-prod-01.lon.aptoma.no'),(1,'drp-backoffice-01.ams.aptoma.no'),(35,'drp-mysql-01.ams.aptoma.no'),(9,'drp-mysql-02.ams.aptoma.no'),(8,'drp-rai-01.ams.aptoma.no'),(6,'drp-solr-01.ams.aptoma.no'),(15,'drv-admin-prod-01.ams.aptoma.no'),(58,'drv-admin-staging-01.ams.aptoma.no'),(11,'drv-meta-admin-prod-01.ams.aptoma.no'),(54,'drv-meta-staging-01.ams.aptoma.no'),(60,'drv-mongo-staging-01.ams.aptoma.no'),(39,'drv-mongodb-prod-01.ams.aptoma.no'),(22,'drv-upload-01.ams.aptoma.no'),(31,'drv-videodata-prod-01.ams.aptoma.no'),(26,'drv-videodata-prod-01.lon.aptoma.no'),(41,'drv-vtc-slave-01.a55.aptoma.no'),(18,'drv-vtc-slave-02.a55.aptoma.no'),(38,'drv-vtc-slave-05.a55.aptoma.no'),(40,'drv-vtc-slave-06.a55.aptoma.no'),(2,'drv-vtc-slave-07.a55.aptoma.no'),(51,'drv-vtc-slave-08.a55.aptoma.no'),(44,'drv-vtc-slave-09.a55.aptoma.no'),(43,'drv-vtc-slave-10.a55.aptoma.no'),(12,'drv-vtc-slave-11.a55.aptoma.no'),(50,'drv-vtc-slave-12.a55.aptoma.no'),(20,'drv-vtc-slave-13.a55.aptoma.no'),(17,'drv-vtc-slave-14.a55.aptoma.no'),(84,'drvideo.aptoma.no'),(61,'hageslange.aptoma.no'),(99,'hivolda.api.drpublish.aptoma.no'),(47,'hoff.lon.aptoma.no'),(64,'http01.aptoma.no'),(42,'irc.ams.aptoma.no'),(46,'kvm01.m323.aptoma.no'),(97,'lb-http-01.ams.aptoma.no'),(67,'lb.m323.aptoma.no'),(72,'manage.opscode.com'),(101,'monitoring.api.drpublish.aptoma.no'),(100,'monitoring.drpublish.aptoma.no'),(21,'munin.ams.aptoma.no'),(36,'munin.lon.aptoma.no'),(56,'mysqldrfront01.lon.aptoma.no'),(52,'mysqldrfront02.lon.aptoma.no'),(48,'nagios.ams.aptoma.no'),(77,'nagios.aptoma.com'),(5,'nagios.lon.aptoma.no'),(45,'nagios.sth-p.aptoma.no'),(106,'rikstoto.drvideo.aptoma.no'),(69,'sebyen.drvideo.aptoma.no'),(87,'stats.pingdom.com'),(65,'storage.drvideo.aptoma.no'),(30,'teppeslange.lon.aptoma.no'),(98,'uin.api.drpublish.aptoma.no'),(37,'varnish-01.ams.aptoma.no'),(55,'varnish-01.lon.aptoma.no'),(28,'varnish-02.ams.aptoma.no'),(23,'varnish-02.lon.aptoma.no'),(59,'voivoi.lon.aptoma.no'),(119,'vtc.drvideo.aptoma.no'),(76,'vtcs06.drvideo.aptoma.no'),(75,'vtcs07.drvideo.aptoma.no'),(74,'vtcs08.drvideo.aptoma.no'),(25,'webappdrfront01'),(73,'webappdrfront01.aptoma.com'),(49,'webappdrfront02.lon.aptoma.no');
/*!40000 ALTER TABLE `Service` ENABLE KEYS */;
UNLOCK TABLES;

--
-- Table structure for table `Source`
--

DROP TABLE IF EXISTS `Source`;
/*!40101 SET @saved_cs_client     = @@character_set_client */;
/*!40101 SET character_set_client = utf8 */;
CREATE TABLE `Source` (
  `IdSource` int(11) NOT NULL AUTO_INCREMENT,
  `Name` varchar(20) NOT NULL,
  PRIMARY KEY (`IdSource`)
) ENGINE=InnoDB AUTO_INCREMENT=3 DEFAULT CHARSET=latin1;
/*!40101 SET character_set_client = @saved_cs_client */;

--
-- Dumping data for table `Source`
--

LOCK TABLES `Source` WRITE;
/*!40000 ALTER TABLE `Source` DISABLE KEYS */;
INSERT INTO `Source` VALUES (1,'Nagios'),(2,'Pingdom');
/*!40000 ALTER TABLE `Source` ENABLE KEYS */;
UNLOCK TABLES;
/*!40103 SET TIME_ZONE=@OLD_TIME_ZONE */;

/*!40101 SET SQL_MODE=@OLD_SQL_MODE */;
/*!40014 SET FOREIGN_KEY_CHECKS=@OLD_FOREIGN_KEY_CHECKS */;
/*!40014 SET UNIQUE_CHECKS=@OLD_UNIQUE_CHECKS */;
/*!40101 SET CHARACTER_SET_CLIENT=@OLD_CHARACTER_SET_CLIENT */;
/*!40101 SET CHARACTER_SET_RESULTS=@OLD_CHARACTER_SET_RESULTS */;
/*!40101 SET COLLATION_CONNECTION=@OLD_COLLATION_CONNECTION */;
/*!40111 SET SQL_NOTES=@OLD_SQL_NOTES */;

-- Dump completed on 2013-03-13 10:51:16
